:020000040800F2
:1000000000400020C10000087B1701088B2901086F
:1000100000000000000000000000000000000000E0
:100020000000000000000000000000007B17010835
:1000300000000000000000007B17010841050008D7
:100040007B1701087B1701087B1701087B17010844
:100050007B1701087B170108FD0000087B170108CA
:100060007B1701087B1701087B1701087B17010824
:100070007B1701087B1701087B1701087B17010814
:100080007B1701087B1701087B1701087B17010804
:100090007B170108550500087B1701087B1701082D
:1000A0007B1701087B1701087B1701087B170108E4
:1000B0007B1701087B1701087B170108DD0A000880
:1000C00011F05EFB084809490022814201D004C0BA
:1000D000FBE707480749084A814202D008CA08C01E
:1000E000FAE711F0AAF900DEF0060020500B00201C
:1000F00000000020F006002074460108F0B503AFB0
:1001000093B009AEE6484169490700D40AE20422E7
:1001100042614923E34DE95C022900D102E2016812
:10012000914301604524295D002900D19EE0012909
:1001300000D0F7E104960193089202200290059402
:1001400028550024204610F057FA01221103079188
:10015000039212078006D44ED44BD54D284600D5C5
:10016000AEE106920498401C049009A8252111F0E4
:10017000E2FD28463168090603D5411C00280846DF
:10018000F8D1CA4B069A1A6000BF00BF28463168F2
:10019000090603D5411C00280846F8D128463168D5
:1001A000890703D4411C00280846F8D1F02030719B
:1001B00028463168C90703D1411C00280846F8D1F8
:1001C000307928463168090603D5411C00280846C5
:1001D000F8D100BF00BF0798186000BF00BF2846D5
:1001E0003168090603D5411C00280846F8D11A6079
:1001F00000BF00BF28463168090603D5411C00280E
:100200000846F8D128463168890703D4411C0028E4
:100210000846F8D10598307128463168C90703D1DE
:10022000411C00280846F8D13079252C284630D0CA
:100230003168090603D5411C00280846F8D1284634
:100240003168890703D4411C00280846F8D10020F2
:10025000307128463168C90703D1411C002808467F
:10026000F8D1307909A90855641CDEE7089201220B
:100270002A5547216B5CAE49002B3BD0AE4B0B603F
:100280004323EC5C042C37D2032C00D0621CEA54CC
:1002900032E028463168090603D5411C002808468B
:1002A000F8D100BF00BF0798186000BF00BF47200B
:1002B0009D49095C09A8007800295AD009A9BC28E1
:1002C00000D0FBE0487A012800D0F7E0442000216C
:1002D000954C2154432008992154049A107951795E
:1002E0000902081891790904D279120651180818E0
:1002F0006061E3E0914A0A608C4A8E4B1C461568A7
:100300002D0603D5651C002C2C46F8D101242507A9
:100310000D6000BF00BF1D461668360603D56E1C73
:10032000002D3546F8D11D461668B60703D46E1C5D
:10033000002D3546F8D1C02515711D461668F60703
:1003400003D16E1C002D3546F8D1157915682D06A0
:1003500003D55D1C002B2B46F8D100BF00BF220344
:100360000A6000BF00BF089A426101681143016042
:10037000D8E0AA2802D0AC2800D09FE0049B1978CE
:100380005A78120251189A781204DB781B069A18D0
:10039000674B5118644A1269914200D08EE062495D
:1003A0004B695A1C022A01D30021039108931A0CAD
:1003B000531E5A425A4103990A4304990B794C79C6
:1003C0002402E3188C792404C97909060919CB1889
:1003D000591E029CE443A14208D8002A06D00121FC
:1003E000514A019C11555361514B06E00899591A25
:1003F0004B424B4113434E4B60D0482101244A4AA3
:100400005454AA2807D109A8407AFC2852D0FD28C4
:1004100001D1029A4FE03F2043490C5440200894F8
:1004200000240C52886B401C88631D2010F0E4F8F7
:10043000C0B2C000052112F001F908990902091A99
:10044000C8178143642900DB64213E20364A1154D9
:10045000374B21460A31212930D809A90A19117BC5
:10046000537B1B025918927AFE2A0ED0032A07D01A
:10047000002A2F4B11D10A224A432B498A870CE0CC
:100480000A224A4328498A8706E089B26422511A1F
:1004900000D20021244A1154254B241DD9E7C0461F
:1004A00000040140000000200830014018100048FE
:1004B000F0D8FFFF224646201B490A542846069AD8
:1004C0003168090603D5411C00280846F8D11A6096
:1004D00000BF00BF28463168090603D5411C00282B
:1004E0000846F8D128463168890703D4411C002802
:1004F0000846F8D1A020307128463168C90703D1D9
:10050000411C00280846F8D130793068000603D530
:10051000681C002D0546F8D100BF00BF0798186081
:1005200000BF00BF13B0F0BD000000200830014044
:1005300018100048F0D8FFFF00030003000200037A
:1005400080B500AF02480168491C016080BDC0460B
:10055000000B0020F0B503AF91B0CF480024046039
:10056000CE4D2878C00700D0A9E24920CC4E305C9F
:10057000022800D1A3E230461830CA4962311C2259
:1005800011F028FC4021705A401CC74A904200D309
:1005900010467052C54A11680423049399431160B0
:1005A000716B0591491C7163352801D30020F087D8
:1005B00006A8262111F0BFFB4720305C012815D189
:1005C00006AC012505222046294610F0BBFE326903
:1005D000109210AA042310F034FF00200290A072A1
:1005E0000598C00712D07320C04310E04220315C50
:1005F0004A1C0F231A4032541940705C03900F2993
:100600003DD02879002834D1A94933E00D2003904A
:100610004321A3480591405C0128019500D1A5E044
:1006200002280FD0032800D0B8E006AEBC203070FE
:1006300005210922304610F085FEFF2212F038F91C
:1006400075720CE006AEBC203070052109223046E0
:1006500010F078FEFF2212F02BF9029870720B2135
:100660001B22304610F06EFE8D4A102310F0E9FE7A
:10067000ADE09049904A116001214840287146251B
:10068000705D022800D1D7E0012837D1059506AD6D
:10069000AA202870012102910524884B2846224671
:1006A00098473269109210AA0426334610F0C9FE0A
:1006B000092228462146814B9847794A526910926F
:1006C00010AA334610F0BDFE0026AE730298A88132
:1006D0007B486881FD2068720F2125242846224628
:1006E000764B9847FF2212F0E3F82E556C48059997
:1006F00046547448A88274486882EFE0706B73496E
:1007000012F032F9002900D194E006AD582028708B
:10071000012105262846324610F014FEE94A1269E6
:10072000109210AA0423059310F08BFE092228468C
:100730003146E44D10F006FE6A69109210AA059B3E
:1007400010F07FFE1C2C70D02819008B7D21CA0070
:10075000904200D810460901884200D3084606A9F5
:1007600009194872000A8872A41CEBE72C4606ADF2
:10077000BB20287005210922284610F0E3FDFF2246
:1007800012F096F86C720B211B242846224610F0BA
:10079000D9FDCC4A102310F054FE1CE006AEBC205C
:1007A000307005210922304610F0CCFDC54A52694F
:1007B000109210AA042310F044FE022070720B2144
:1007C0001B22304610F0BEFDFF2212F071F880208F
:1007D0003077F5761D2406AD25262846214632467B
:1007E00010F0B0FDFF24224612F062F80298A855DE
:1007F000B44A0598105C042870D14420115C491C4F
:10080000FF2900D3214611540429019966D3029B84
:1008100013544620135242201152FF200230482127
:1008200050521F200FF046FF58E0252006A9002255
:100830000A5453E002207055059506AD56202870E5
:10084000012105262846324610F07CFD9D4A12699A
:10085000109210AA0424234610F0F3FD0922284622
:100860003146984D10F06EFD6A69109210AA234629
:1008700010F0E7FD0320C143182929D0002904D036
:1008800006AA5218FF23937302E006AA9073E82386
:100890005373891CF0E7C04610440140080B002048
:1008A0000000002070060020FFFF0000000401404F
:1008B000000400080008000418100048451301084F
:1008C000FF90000005DE000005DC000021060000AE
:1008D000002005996854252106AA50547C4C7D4D72
:1008E00028462168090603D5411C00280846F8D18E
:1008F00001200207754905920A6000BF00BF294622
:100900002268120603D54A1C00291146F8D129464F
:100910002268920703D44A1C00291146F8D1A0216D
:10092000217129462268D20703D14A1C00291146A9
:10093000F8D1217929462268120603D54A1C0029DC
:100940001146F8D100BF00BF060360490E6000BF2A
:1009500000BF6148086028462168090603D5411C8C
:1009600000280846F8D159480599016000BF00BF2A
:1009700028462168090603D5411C00280846F8D1FD
:1009800028462168890703D4411C00280846F8D16D
:10099000E020207128462168C90703D1411C0028A6
:1009A0000846F8D1207928462168090603D5411C5C
:1009B00000280846F8D128462168890703D4411C3D
:1009C00000280846F8D10520207128462168C9076B
:1009D00003D1411C00280846F8D10020217926289F
:1009E0001CD006A9095C2A4623681B0603D5531CA4
:1009F000002A1A46F8D12A4623689B0703D4531CC1
:100A0000002A1A46F8D1217129462268D20703D15B
:100A10004A1C00291146F8D1401CDFE7284621680E
:100A2000090603D5411C00280846F8D100BF00BFC5
:100A30002648066000BF00BF0F2003990FF042FE5A
:100A400028462168090603D5411C00280846F8D12C
:100A50001E480599016000BF00BF284621680906AD
:100A600003D5411C00280846F8D12846216889078B
:100A700003D4411C00280846F8D1D0202071284614
:100A80002168C90703D1411C00280846F8D1207904
:100A90002068000603D5681C002D0546F8D100BF6C
:100AA00000BF0A48066000BF00BF45200021054A7C
:100AB00011540549049A4A6108681043086011B04E
:100AC000F0BDC0460000002000040140181000489E
:100AD00008300140F0D8FFFF00010003F0B503AF7C
:100AE00085B021480088214988423BD00225224C0C
:100AF000204E002D36D01E488078C04678440079BC
:100B0000400087442F010E17207802282AD01C4865
:100B10000290019401A8012108F020F8002821D0BA
:100B20001EE03068401C1DD014480290019601A8B8
:100B300001210DE02078022814D03068401C11D02B
:100B40000E48049003960E480290019401A80221D9
:100B500008F004F8044600F0D9FE002C064C01D041
:100B60006D1EC6E705B0F0BD2C030020FFFF00009E
:100B7000080B00204C000020C0050020584101084F
:100B80001C410108F0B503AF87B005468068012815
:100B900047D106916C69E868A04246D22A69115C87
:100BA000491C1154AB69981C0226A0423AD8012175
:100BB000090205935918A14200D321460492234605
:100BC00011F02BF805292DD30246069B9879107059
:100BD000988802900391597A187A01920DF0E8FDF5
:100BE000029B190A019AD1709370C0B25070069896
:100BF000C0791071114605200690039A10F0C3F9D0
:100C00000598C11DA1420DD8A0420ED20723049A17
:100C10001354401CA04208D2069B1354A961FF261E
:100C200000E00726304607B0F0BD214610F090FDE9
:100C3000F0B503AF85B01C4603920E460546084644
:100C400008300EF0FDF90491B968029400940C4646
:100C500001918021039A0B4610F0ECF9C00702D0F5
:100C60002970FF2006E0F868E871A971AC80F436BD
:100C70002E600298287204990868401C086005B02C
:100C8000F0BDF0B503AF87B01C4605920E46054691
:100C9000084608300EF0D4F90691B968049400941F
:100CA0000391019100242146059A234610F0C2F9D0
:100CB000C00702D02970FF2006E0EC71A9710398EB
:100CC000A880F4362E600498287206990868401CA3
:100CD000086007B0F0BDD4D4B0B502AF86B004460A
:100CE000009101920748011D03AD0022062328460A
:100CF000FFF79EFF0F222046294607F021FE06B08F
:100D0000B0BDC04630070020F0B503AFF9B01446BF
:100D10000C910890052081010EAD284611F00BF8CA
:100D20000021082628460991324610F0F0FAFB4AC5
:100D3000334610F086FBA0B20D907D21CD002946F0
:100D400011F07CFC07950B904543651BA8B2642607
:100D5000314611F073FC04460A964643A81BC0B204
:100D60000A26314611F06AFCED490D9A8A421ED9D5
:100D700076AA2E2191703025284310712C43D4700F
:100D800014460B98C0B20A2111F0EEFD29436170A0
:100D9000E4490D9811F052FC2843207025460EA816
:100DA00008210D24224610F0B2FA052311E0DE4995
:100DB00076913021084376ADE8700C43AC700B9807
:100DC000303028700EA808210C24224610F09FFA1B
:100DD00004232A4610F035FB254608350EA8214687
:100DE0002A4610F094FAD14A082310F02AFB5EA894
:100DF000099901815F915E91FF203A3006900C982D
:100E00002246847A002C2CD00D950925002C11D077
:100E10000A2D01D300F064FD2046314611F00EFC8E
:100E200031464143611A30220A435EA94A556D1E7C
:100E30000446EBE7691C5EA810F02FFA04460D4645
:100E40000D996E1806980830864216D20EA83246C2
:100E500010F05DFA22462B4610F0F3FA079D344657
:100E60000DE009320EA82946144610F050FAB04A97
:100E7000012310F0E6FA079D04E00C46079D069852
:100E8000844209D2214608340EA8224610F03FFAC7
:100E9000A84A082310F0D5FA0B940C9804890594FD
:100EA0002046294611F0CAFB07904543651BA8B2AE
:100EB0000A9E314611F0C2FB04464643A81BC0B24D
:100EC0000A210D9111F0BAFB059A95498A4221D960
:100ED00076AD2E21A9703026304328713443EC7052
:100EE0009049104611F0AAFB304328700798C0B211
:100EF0000A2111F039FD314369700698C01C0B9925
:100F0000814221D24E1D0EA8324610F000FA76AA78
:100F1000052316E0844976913021084376AAD070E3
:100F20000C4394700798303010700698001D0B9990
:100F3000814209D20E1D0EA8324610F0E8F976AAB9
:100F4000042310F07EFA00E00E460698801C0790FD
:100F500086420AD2B21D0EA831460A9210F0D7F985
:100F6000754A062310F06DFA00E00A9661A8099907
:100F70000181629161910C980468002C0B9427D038
:100F80000926002C11D00A2E01D300F0A9FC20461E
:100F90000D9D294611F052FB4543611B30220A4347
:100FA00061A98A55761E0446EBE7711C61A810F012
:100FB00074F905460C460A99661806980830864268
:100FC00015D20EA8324610F0A2F92A4623460BE0AD
:100FD0000698C51D0A99A9421BD24E1C0EA832467E
:100FE00010F095F9524A012310F02BFA00E00E465A
:100FF000B51D06980830854209D20EA831462A460A
:1010000010F085F94D4A062310F01BFA00E0354632
:101010000B9C64A809990181659164910C984668BC
:10102000002E2CD00A95354609260C95002D11D09E
:101030000A2E01D300F054FC28460D9C214611F0E5
:10104000FDFA4443291B30220A4364A98A55761EBF
:101050000546EBE7711C64A810F01FF904460E4624
:101060000A99751806980830854217D20EA82A46A4
:1010700010F04DF92246334610F0E3F90FE00698E0
:10108000C01D85420DD229466D1C0EA82A4610F0BF
:101090003EF9274A012310F0D4F902E00D460B9CDB
:1010A0000C9EEA1D069808300A90824209D20EA8CA
:1010B00029460C9210F02BF9214A072310F0C1F9B0
:1010C00000E00C9567A8099D058168956795B44275
:1010D00015D9A51B0926002D34D00A2E01D300F006
:1010E00001FC28460D9C214611F0A8FA4443291B17
:1010F00030220A4367A98A55761E0546EBE7069813
:10110000C01D0C99814231D24A1C0EA8144610F021
:10111000FEF8074A012310F094F92BE0AA2B0108EE
:101120000F27000010270000302E3030222B01083E
:10113000102E0108722B0108112E0108172E01082C
:101140001D2E0108711C67A810F0A7F805460E4671
:101150000C9972180A9882420AD20EA8144610F00E
:10116000D6F82A46334610F06CF902E00C4601E04E
:101170000C46099DF848C17800292FD0014630312E
:1011800011228A560B920E228A560592428F038FA5
:101190000393006B00904E7DC87C0190887C049086
:1011A0000D7C214610340A988442029208D20EA87F
:1011B000224610F0ACF8F14A102310F042F9214613
:1011C000F0070DD00698001D814224D20E1D0EA8F6
:1011D000324610F09CF8EA4A04230CE02146EFE284
:1011E0000698C01C814216D24E1D0EA8324610F041
:1011F0008EF8E44A052310F024F9079886420CD2B1
:10120000B21D0EA83146079210F081F8DE4A06237F
:1012100010F017F902E0079100E007966AA8002194
:1012200001816B910C916A91002D25D00926002D2A
:1012300010D00A2E00D351E328460D9C214611F010
:10124000FDF94443291B30220A436AA98A55761EB8
:101250000546ECE7711C6AA810F01FF804460D461D
:1012600007996E180A98864215D20EA8324610F0D9
:101270004EF822462B460BE00698C01D0799814286
:1012800009D24E1C0EA8324610F041F8BF4A012385
:1012900010F0D7F800E00E46059C31460C310A9854
:1012A00081420AD20EA80A463146079210F02FF862
:1012B000B74A0C2310F0C5F800E00796002C2FD495
:1012C00076A80C99018177917691002C37D0092668
:1012D000002C10D00A2E00D300E320460D9D294695
:1012E00011F0ACF94543611B30220A4376A98A55B7
:1012F000761E0446ECE7711C76A80FF0CEFF04467C
:101300000E46079975180A98854254D20EA82A46A7
:101310000FF0FDFF2246334610F093F82E464BE0C7
:101320000698C01D0799814216D24A1C0EA8079242
:101330000FF0EDFF974A012310F083F80DE00698B7
:10134000C01D0799814236D24E1C0EA832460FF0BE
:10135000DEFF8E4A01232BE0079176A80C990181CC
:101360007791769164420925002C10D00A2D00D384
:10137000B4E220460D9E314611F060F94643A11BB0
:1013800030220A4376A94A556D1E0446ECE7691CD3
:1013900076A80FF082FF04460D4607996E180A984A
:1013A000864208D20EA832460FF0B1FF22462B46E5
:1013B00010F047F800E00E4635460A350A98854297
:1013C00009D20EA831462A460FF0A1FF724A0A231D
:1013D00010F037F800E035460B9C002C23D476A89B
:1013E0000C99018177917691002C2CD00B950925D1
:1013F000002C10D00A2D00D370E220460D9E3146FD
:1014000011F01CF94643A11B30220A4376A94A5524
:101410006D1E0446ECE7691C76A80FF03EFF0446FB
:101420000E460B993EE00698C01D854218D26A1CF4
:101430000EA8294607920FF06AFF564A012310F0C2
:1014400000F80B9C0DE00698C01D854238D2294655
:101450006D1C0EA82A460FF05AFF4C4A01232BE0C0
:10146000079576A80C9901817791769164420925B8
:10147000002C10D00A2D00D330E220460D9E3146BC
:1014800011F0DCF84643A11B30220A4376A94A55E5
:101490006D1E0446ECE7691C76A80FF0FEFE0446BC
:1014A0000E46079975180A98854208D20EA82A4652
:1014B0000FF02DFF224633460FF0C3FF00E00D462C
:1014C000EA1D0A98824209D20EA829460B920FF013
:1014D0001EFF324A07230FF0B4FF00E00B956DA802
:1014E0000C9901816E916D91049C002C25D00925E9
:1014F000002C10D00A2D00D3F0E120460D9E31467D
:1015000011F09CF84643A11B30220A436DA94A55AD
:101510006D1E0446ECE7691C6DA80FF0BEFE044684
:101520000E460B9975180A98854217D20EA82A46BE
:101530000FF0EDFE224633460BE00698C01D0B99D6
:1015400081420BD24D1C0EA82A460FF0E0FEE64A5F
:1015500001230FF076FF02E0080B00200D462A461B
:101560000A320A9882421BD20EA829460B920FF02B
:10157000CEFEDE4A0A230FF064FF12E0642E01085B
:10158000982A0108842E0108892E0108102E0108CE
:101590008F2E01089B2E01089C2E0108A62E010803
:1015A0000B95039870AA0C99118171917091002884
:1015B00024D0092500280FD00A2D00D38EE10D9EDE
:1015C0003146044611F03AF84643A11B30220A4343
:1015D00070A94A556D1EEDE7691C70A80FF05DFEFD
:1015E00004460E460B9975180A98854215D20EA826
:1015F0002A460FF08CFE224633460BE00698C01DAB
:101600000B99814209D24D1C0EA82A460FF07FFE8D
:10161000B54A01230FF015FF00E00D462C460C34AF
:101620000A98844209D20EA8294622460FF06FFE7E
:10163000AF4A0C230FF005FF00E02C4601980FF095
:101640001BF902460D190A9885420BD20E460EA8C8
:10165000214614462A460FF05AFE224633460FF022
:10166000F0FE00E025462A460F320A98824209D24F
:101670000EA829460B920FF04AFE9E4A0F230FF048
:10168000E0FE00E00B95029873AA0C991181749109
:101690007391002824D0092500280FD00A2D00D3EB
:1016A0001CE10D9E3146044610F0C8FF4643A11BC5
:1016B00030220A4373A94A556D1EEDE7691C73A8D1
:1016C0000FF0EBFD04460E460B9975180A988542FB
:1016D00015D20EA82A460FF01AFE224633460BE01A
:1016E0000698C01D0B99814209D24D1C0EA82A46AE
:1016F0000FF00DFE7C4A01230FF0A3FE00E00D4623
:1017000029460E310A9881420AD20EA80A46294675
:101710000B920FF0FCFD784A0E230FF092FE00E0D2
:101720000B9576A80C99018177917691009C002CFD
:1017300025D00925002C10D00A2D00D3CEE020465C
:101740000D9E314610F07AFF4643A11B30220A431A
:1017500076A94A556D1E0446ECE7691C76A80FF081
:101760009CFD04460E460B9975180A98854215D2C1
:101770000EA82A460FF0CBFD224633460BE0069812
:10178000C01D0B99814209D24D1C0EA82A460FF0AC
:10179000BEFD554A01230FF054FE00E00D466A1CC1
:1017A0000A9882420AD20EA8294614460FF0AFFDCD
:1017B000524A01230FF045FE214600E02946099DCB
:1017C000CC1D0A98844208D20EA822460FF09FFD35
:1017D0004B4A07230FF035FE00E00C460C951C2DFC
:1017E0005AD00898465B0C9800280DD0621C0A98C5
:1017F000824209D20EA821460B920FF088FD0123E8
:10180000404A0FF01EFE00E00B9476A800210181F3
:1018100077917691002E28D0079109950925002E01
:101820000FD00A2D51D230460D9C214610F006FFF4
:101830004443311B30220A4376A94A556D1E0646A1
:10184000EDE7691C76A80FF028FD05460E460B99BA
:1018500074180A98844216D20EA822460FF057FD3B
:101860002A4633460FF0EDFD0EE00B994C1C0A980A
:1018700084420BD20EA822460FF049FD01231A4ADA
:101880000FF0DFFD03E00C46099D00E00C460C98CC
:10189000401C0C90AD1CA2E7251D0A98854209D278
:1018A0000EA821462A460FF032FD174A04230FF0F6
:1018B000C8FD04E00698C21D94420BD825460EA828
:1018C000294600F011F979B0F0BD0798C0430A210C
:1018D0000FF03EFF002021460FF032FF0C98F5E795
:1018E0000998F3E70020F1E7102E0108AD2E01085A
:1018F000B72E0108C32E0108D22E0108E02E0108E0
:10190000E12E0108412A0108F02A0108F0B503AFD1
:1019100097B005A84021019110F00DFA4D4DD42249
:101920004B4B98588026311A1C8FA14229D204961D
:10193000D02103915E58311A8031A14201D2324642
:1019400040E0802E029203D1049E009603990FE09E
:1019500031467F2E049E77D8421A184650304118DF
:1019600010F0DBFD3A4B0298185803995A58009230
:1019700000225A500099401A029A9850311AA142F6
:101980005BD3164601191A4650321C46802310F0CC
:1019900044F902460B462146343115AC20460DF081
:1019A0006FF92078012804D16178002901D1002045
:1019B00002E000283AD11698254B995908189851F9
:1019C000D0215A58904231D0861A402E00D3019E21
:1019D000B1182DD281292BD2039105A9049140245D
:1019E0003046029222461C460FF0B9FA029AA2181B
:1019F000503233460FF025FDD02003992150049832
:101A000031460FF029FC002989D0C023EA58561C22
:101A10007F243440C426AE59B44204D07F2A0FD864
:101A20000678AE54EC50401C491EECE717B0F0BDF0
:101A3000802310461A460FF083FE45200FF084FEE7
:101A4000802110460FF084FE084680210FF080FEB2
:101A50004C0000202C08002080B500AFEFF310816F
:101A600072B60248006881F3108880BD000B002028
:101A7000FEB506AF02460368406883422AD0581C70
:101A8000106019784CB20120002C2BD59C1C1460DE
:101A90005E783F24019426401F240C40E0291BD38C
:101AA0000094DD1C15609C780294019D029C2C40E2
:101AB0000294B601029C3619F02910D3191D116049
:101AC000D978019A1140B2015118009A5207D20AEE
:101AD000891807E0002005E0A101891902E00099BA
:101AE0000903711803B0F0BDF0B503AF89B00A4621
:101AF000069001200290400208900026059196422F
:101B000057D2304606990FF033FA07900C46B720AB
:101B100085002B4B585908990A1A94422AD95B21FF
:101B2000C90004915958029B5B02994204D00029D4
:101B3000089B07D1224B1DE0089903912946204DAF
:101B4000049B0EE00195994235D2421A1C4D28465D
:101B5000D830411810F0E1FC01996858049BEA580C
:101B600003920022EA50039A801A6850089A121AC7
:101B70002B460D46944200D31446002C0DD021185C
:101B8000D8331A46089B10F048F8079A23460FF0FE
:101B900058FC0B4B58590019585118460DF08CF948
:101BA000002C059A05D0A619401EC0B240087E2818
:101BB000A5D809B0F0BD084608990FF0C9FDC04688
:101BC0004C000020F8B504AF0091456801220021C7
:101BD000402D164600D30E460368802B144600D3D2
:101BE0000C463440382129400901009E711807260F
:101BF0002E40B240D5430095057A2846EDB2022D1D
:101C00000BD00225002CF8D0CE5CC00702D1009882
:101C1000064000E01643CE54EFE7F8BDF0B503AF41
:101C2000E1B01F914268E7498A420C92079200D3C3
:101C30000791417C0691017C0E9101680B91017A1C
:101C400012914EA90A461C320A922431149140A9DD
:101C500024310391C1682291C17C1E91817C16912F
:101C6000417A119141691B9181691891C169109163
:101C7000006A1D9007200F90C0010D9000260120E2
:101C800020901C9615961598C00700D002E3189C6A
:101C90001C9819968442054666D31B984019611B0F
:101CA000072907D80023994258D0C25C0A2A44D099
:101CB0005B1CF8E7C21C03239A43121A05D11C953A
:101CC0001A9108392191002210E00023C45C0A2CEB
:101CD00007D05B1C9A42F9D11C951A9108392191C1
:101CE00002E0189C199E28E08A4213D88418646880
:101CF000B5494C40B54B1D1B2543845826464E40E4
:101D00009E1B2643B2490E402E408E4202D108321D
:101D10002199E9E71A99914229D080181899891ACE
:101D20001C9D4B1B0021199E445C0A2C03D0491CAE
:101D30008B42F9D11CE08B18189CED180020691C0F
:101D4000A8D0A1420846A5D81B98405D0A2808469D
:101D5000A0D10020159017911C910EE017961C94AD
:101D600020981590254608E01C951796F8E7199ECF
:101D70001796189D1C95209815901B9880191A90FD
:101D8000AE1B129800281D9C109829D0129801288B
:101D900016D10096119801904EA822990E9A1A9B7E
:101DA0000FF001FA5398C10F401840101D990C1AFA
:101DB0005298401EC10F401840101099081A0FE0A9
:101DC0000096119801904EA822990E9A1A9B0FF036
:101DD000EAF953981D990C1A52981099081A401C48
:101DE00021902298C0690C994843642110F026FC88
:101DF00001460B98002800D1079919988542139144
:101E000001D1002505E0751E1A98405D0D2800D00F
:101E10003546229811990CF063FB201A19901698F8
:101E200002280FD11E98022800D099E022998869D3
:101E3000096A0C181A9841190EF0A7FD6043219900
:101E40004518EAE11E98022800D031E12298026A82
:101E50008169199800901A980190029540A8219BD9
:101E60000CF022FB5EA840A90EF0AAFD609A501C5F
:101E700000D1D1E15748101A00D200205E9D002801
:101E800002D00128EED0C8E15F981A9033A82299B9
:101E90000FF079FC369C60426041379E002E2099FD
:101EA00000D001460029DDD134980028DAD4359BD2
:101EB000002BD7D4339A0119099292680892914263
:101EC000D0D89A190999C9688A42CBD8099A116859
:101ED0000491516805910899C91D0F9A91430A1BF5
:101EE0004B43181800960190029223A80990049978
:101EF000059A23460CF086FE319630941A982F905E
:101F00002E952BAC169820704EA82EAA09990EF08B
:101F100017FD5C943AAC4EA920460FF027F9207AC1
:101F20000028F7D002289DD03A997F29F2D83B9B10
:101F30003F2BEFD818010F9A134001229A400D9BB6
:101F4000184008435C990978002904D01F9B195C4C
:101F500011431954DEE71F9B195C91431954D9E7CB
:101F60002298026A8169199800901A980190029546
:101F700040A8219B0CF098FA5EA840A90EF020FD25
:101F8000609A501C00D147E1C348101A00D20020CB
:101F90005F995E9D00281FD0012800D03DE1229866
:101FA000006A0028E8D050904F914E952298C06961
:101FB000519001221E9802404EA91F980FF00DFA71
:101FC000DAE7C046FFFFFF7F0A0A0A0A00010101A3
:101FD00080808080FFFF10001A9133A822990FF0B3
:101FE000D2FB369C60426041379E002E209900D083
:101FF00001460029C0D134980028BDD4359B002B60
:10200000BAD4339A01190992926808929142B3D8CE
:102010009A190999C9688A42AED8099A1168049137
:10202000516805910899C91D0F9A91430A1B4B43AA
:10203000181800960190029223A809900499059A15
:1020400023460CF0DFFD319630941A982F902E9590
:102050002BAC1E9820704EA82EAA09990EF070FC89
:102060005C943AAC4EA920460FF080F8207A002804
:1020700002D00228F5D17FE73A997F29F1D83B9B1E
:102080003F2BEED818010F9A134001229A400D9B66
:10209000184008435C990978002904D01F9B195CFB
:1020A00011431954DDE71F9B195C91431954D8E77C
:1020B0002298026A8169199800901A9801900295F5
:1020C00023A8219B0CF0F0F92BA823A90EF078FC93
:1020D0002D9A501C00D19FE06F48101A00D20020AA
:1020E0002C992B9D002814D0012800D095E022982F
:1020F000006A0028E8D050904F914E952298C06910
:10210000519001221E9802404EA91F980FF065F9C8
:10211000DAE71A912EA822990FF035FB319C604224
:102120006041329E002E209900D001460029CBD17B
:102130002F980028C8D4309B002BC5D42E9A0119A3
:102140000992926808929142BED89A190999C96871
:102150008A42B9D8099A1168049151680591089981
:10216000C91D0F9A91430A1B4B4318180096019002
:10217000029233A809900499059A23460CF042FD77
:102180003D963C941A983B903A953EAD169828702F
:102190003FAE1E9830703AA903980FF019FD40AC7D
:1021A0001C22204609990FF015FE489547964EA827
:1021B000382221460FF00EFE00205D905C905EA854
:1021C00014990FF01AF85E98012800D07CE7609D02
:1021D0005F9C4EA80EF09AFEC1B2022900D173E7AF
:1021E0007F2CECD83F2DEAD828010F9A1540012208
:1021F000AA400D9B1840204389000A9B5958097832
:10220000002904D01F9B195C11431954D7E71F9B69
:10221000195C91431954D2E7219D179E139A1D987A
:1022200010181D902198854200DC2CE52C1A069888
:10223000169906F090FBC2B2022A0FD05094219852
:102240004E902299886AC96A5191199940184F9005
:10225000012002404EA91F980FF0BFF80E98169962
:1022600006F079FBC2B2022A179D2E46219800D1B2
:1022700009E550944E902299086B496B5191199938
:1022800040184F90012002404EA91F980FF0A5F86A
:102290002E46F8E461B0F0BDFFFF1000F0B503AFCB
:1022A000D5B00191036842688568C46821460A92E6
:1022B00051402A465A400A430B9310940F9501D07F
:1022C000064600E08A4E417D0D91046931A83146F1
:1022D0000FF088FA32687068B368F1681646529059
:1022E00051921193D21A121854920D1AA8195390A0
:1022F00012A851A90FF076FA0B980F99081AC11776
:102300004840411A0A98109A101AC2175040801A71
:10231000884200DC0846002C01D102210D91119A5F
:1023200074498C4200D30C46401C0E90640012ABE2
:10233000743338A86030089001201090C00702D094
:1023400064430020FAE7961B1098C00702D076433A
:102350000020FAE71098C00702D06D430020FAE78A
:102360003598079036980690329804901598059005
:10237000149803903198029038A80C9031A91C222F
:1023800011920F930FF026FD0C981C3012A9119A90
:102390000FF020FD01201190089B987000200990FB
:1023A0001870029840420399484004994942059A9E
:1023B00051400143484248415870A819444347944A
:1023C000079806994018C10F401840104690099D83
:1023D0004F954E950A9E4D960B9C4C944B954A9565
:1023E0004996489451A80C992A460FF023FA16955D
:1023F0000E98159014951396129412A81430642216
:102400000E900C9910F08EF82B460F9A0D991171C1
:1024100028460D91C9B2022967D000282FD12598EE
:102420001099C90702D040430021FAE72699884253
:102430005BDC927831A80E990FF0FCF93198C10756
:1024400001D1442100E0402112AA5158259A511887
:102450002591349B339E329C0F9A1178002905D127
:1024600091781D46119B59402B46917014931396F9
:102470001294119908401599081A1690CDE7401E3C
:1024800016901D998B4206DD1C995B1A1A997118DA
:10249000199AA51801E0314625461A46189B5E1880
:1024A0001396179B5C1912941B9BD31814937F2DC2
:1024B00018D8402916D209930B9407240C40119B7D
:1024C000A34038240C40210129430D9AD20703D0A0
:1024D000019C625C1A4302E0019C625C9A43625474
:1024E0000B9C099B0F9A117993E755B0F0BDC0463C
:1024F000442E0108FFFFFF7FF0B503AF9DB00D46EE
:102500000646847D002C08D0012C0CD13069401C7B
:1025100001D30020C043400806E030693F498842AB
:1025200002D3084600E00020424205A831460FF0E1
:1025300088FA327D022A05D00120024005A92846EA
:102540000EF04BFF707D022865D03169002962D002
:10255000002C03910495029008D0022C05D12F483D
:1025600081420C4602D3044600E04C0809A83146DB
:1025700022460FF066FA0B9C0F940A9E0E96099B5A
:102580000D930C984508039AAA4200D81546109559
:1025900013941193411B914200D31146009401936F
:1025A0001491401A00D20020801912900120029C40
:1025B00004400DA90296049E304622460EF00DFFFF
:1025C00011A93046264622460EF007FF089800283B
:1025D00021D01890029969181691039A5300009C13
:1025E000621C9A4200D31A4652081792019B159317
:1025F0001C901B921A91A01A049C00D20020C018B3
:10260000199015A9204632460EF0E7FE19A920467A
:1026100032460EF0E2FE1DB0F0BDC046FFFFFF7F68
:10262000F0B503AF87B00291054680B203907D21DB
:10263000CE00314610F002F801904643AC1BA0B228
:10264000642631460FF0FAFF05464643A01BC0B290
:102650000A210FF0F3FF2049039A8A421DD956211F
:10266000029C61712E21A1703026304320713543C8
:10267000E5700198C0B20A2110F076F9314361701B
:10268000174903980FF0DAFF3043207004A80622A0
:1026900021460EF099FF052511E0562202990A7194
:1026A0002E224A7030221043C87015438D70019855
:1026B0003030087004A805252A460EF085FF0498DE
:1026C000002802D1059802D002E0044800D1069DFE
:1026D000294607B0F0BDC0460F2700000A2F0108A9
:1026E00010270000F0B503AF85B0049104462849D7
:1026F000884200D30846039026490FF09FFF3026FA
:10270000202225498C4201940296009201D810465D
:1027100000E03043049D28700A24039E3046214681
:102720000FF08CFF21464143711A029E31432971FB
:10273000214610F019F9019D092D02D8009E31465D
:1027400001E03143009E0498C170642103980FF0AA
:1027500075FF214610F008F9632D01D8314601E0DC
:1027600002980143049881707D20C10003980FF006
:1027700065FF214610F0F8F8E8087C2801D83146BA
:1027800001E0029801430498417005B0F0BDC046D5
:102790009F860100102700000F270000FEB506AF3E
:1027A0000C4600B2092801DC202100E02B21082280
:1027B000D243904200DA2D2121700A25294610F0DB
:1027C00065F801B2C9134840461AB1B2632907D966
:1027D000252020713020E070A0703120607017E05B
:1027E0002020607009290DD925202071F0B22946DA
:1027F0000FF024FF302145430843A070701B0843AD
:10280000E07005E025212171A07030200643E670BC
:102810006846052221460EF0D7FE032100980028C5
:1028200002D1019802D002E0024800D1029903B01F
:10283000F0BDC0460F2F0108F0B503AF904EB54470
:10284000904868441C909048684454908F4868446D
:102850007D908F48684478908E48684467900B203C
:102860006B90C0048C4A5169014351613F207290C2
:1028700000038A4B19688143152210030818186059
:102880000120859000028290C0309861844B1868C6
:10289000844908401860D868084055210906401846
:1028A000D860814908683024A0430860C8681023B4
:1028B00084931843202332939843C8607B4868442C
:1028C0003A306C907A4969440846403077908C31B0
:1028D0007091784868442830629075486844403068
:1028E0008A907548002802D000BF401EFAE7669221
:1028F0007D207C900001879000252E46052D0ED06E
:102900000DF0E0F98799002902D000BF491EFAE7CF
:10291000C0434221084200D1761C6D1CEEE7032E15
:1029200001DB0DF033FA85990A045B4B1868889235
:10293000104318604A04614E314608461968114236
:1029400002D1411C0028F8D16F92002829D05C48A0
:102950001121016058685B4A024008041018586051
:102960005048401C196801431960304619688901B4
:1029700003D4411C00280846F8D1586802210143BD
:10298000859881435960304659680C220A40082ACC
:1029900003D0411C00280846F6D1186B8021014362
:1029A0001963494801683F4A114003227492920713
:1029B0008918016045484649416000258560072126
:1029C00039910160859881028BA80FF0B4F91F201E
:1029D0008004314A5169014351613E4A10683E49C1
:1029E00008403E49401810603D4B18683D4908407A
:1029F0003D4940185E301860294A10683B49014043
:102A00003B4808181060284908684022119210437A
:102A100080227E929043086036482149886136487A
:102A200098613648401C98618298F430002802D0A2
:102A300000BF401EFAE78498294988618298F430E3
:102A4000002802D000BF401EFAE7859BD8043490CE
:102A5000234988611F4A5069E22101431D200B90E0
:102A6000814351617E980E49886100BFD8057B90F3
:102A7000886123480146002944D000BF491EFAE777
:102A80007CE3FFFF601C0000E01B000094110000CD
:102A9000FC1000005C060000001002400008004826
:102AA000000C0048FFFFFF00001400482C06000047
:102AB0006C060000C81B0000409C00006079FEFF0F
:102AC00000200240FCFFC0FF20ED00E010E000E02D
:102AD0007FBB0000001000480000FFFF55550000BC
:102AE000000400483FF0FFFFE2040000CF3FFFFF7B
:102AF000104000008000040018002000FFFF0F00BD
:102B000010270000349BE3498B61E3494969AE22F9
:102B10008992114351229143DF4A5161DF497E9AE4
:102B20008A6100BF7B9A8A61DA498B61DA4B596905
:102B3000A4220A435B218A435A617E99D74A916154
:102B400000BF7B9B93613499D24A9161D249496914
:102B5000A3220A435C212D918A43CF494A617E9981
:102B6000CE4A916100BF93613499CA4A9161CA4BC0
:102B70005969C02261921143729A914359617E9BB7
:102B8000C64A936100BF7B9991613499C14A9161B2
:102B9000C1494969A1220A435E218A43BE494A616B
:102BA000BE498B6100BF7B9A8A61BA49349B8B61B5
:102BB000B94949692F227A921143D0223592914323
:102BC000B54A51617E99B54A916100BF7B99916187
:102BD000B0498B61B04B5969232247921143DC22E3
:102BE00091435961AD497E9B8B6100BF7B9B8B619B
:102BF000A849349A8A61A8494969812255921143AA
:102C00007E229143A44A51617E99A44A916100BFFA
:102C10009361A049349B8B619F4B596925220A43DC
:102C2000DA218A435A619D497E9B8B6100BF7B9A62
:102C30008A619849349A8A6197494969119A11437E
:102C4000BF229143944A5161944A936100BF7B999A
:102C50009161349B8F498B618F494969B0220A4346
:102C60004F218A438C494A618C497E9A8A6100BF10
:102C70007B9A8A6187498B61874B59690422299223
:102C80001143FB229143596184497E9B8B6100BFB4
:102C90007B9B8B6134997F4A91617F494969849A12
:102CA0001143EF2291437C4A51617E997B4A9161A5
:102CB00000BF93613499774A916177494969AF229E
:102CC00060921143502263929143734A51617E99FD
:102CD000724A916100BF9361002802D000BF401E7C
:102CE000FAE76F4AD06902210143D16174988004E8
:102CF0006C4A11688143349801431160506AF02195
:102D00008843506268497A988862C5206890830039
:102D10007193D333CB620B640D200990C002C8615C
:102D200085980203086A8392104308628598486177
:102D30005598086008225D484E92826136930B6474
:102D4000574A50695A490143516185984002916937
:102D500001439161FF210A0209202B90C3061868E4
:102D60003C921043279108431860D86851490840A5
:102D70006D93D860474801680F2211430160C16814
:102D800086929143C160474A11687498014311606B
:102D9000D1688143D1608598C20747490A610860BC
:102DA00088600A68D20703D1721C002E1646F8D13B
:102DB000879A2F328A62399A4A618598C8603F4A59
:102DC00095600B46403313613D4B183353616B9B49
:102DD000D3603C4890608E68299B1E438E603A4EBB
:102DE00013689B0703D4731C002E1E46F8D14C2693
:102DF0003648622E06D0324B9B19343B1B888353D6
:102E0000B61CF6E7869850601820319008609560EF
:102E10006B98D0602B4890608868299A104388602E
:102E20002B48016840682B4E2B4A914264D1C01E4A
:102E3000022861D22948684442303E210FF0CAFC82
:102E400082988A990880679A254D1563254C5463AA
:102E5000254C94632548D0632549116456649164D8
:102E6000D664244E04211C4B1361516188999161F1
:102E7000D6611462506295621A48D06200208028A0
:102E800000D194E012490958144A6A441150001DB7
:102E9000F5E7C0460004004800100048000C004858
:102EA00000100240000800480004004000140048E0
:102EB00001000E000000FFFF00240140000002405E
:102EC000080B002081250000C0F2FCFF70060020E6
:102ED00000F001089E0F0000594B53466C0600009D
:102EE000D40100082C0E00007A010008860E0000B4
:102EF000620000080A2C2500EB48016881914068B7
:102F00008690EA4E6E44304642303E210FF062FC1D
:102F100082988A9908806799E5480863E54848637C
:102F2000E5488863E54ACA63E54A0A64E54B4B64B1
:102F30008A64CB64E44B0B61299A4A61889A8A615E
:102F4000E24ACA610862DD484862D9488862D948C5
:102F5000C86281989842869B29D1581E012826D89C
:102F60001036202D08D0D0484019C1687151711910
:102F7000006948600835F4E7CB4A402C0AD01019A4
:102F8000001F0068C9496944085108191159416076
:102F90000834F2E7022B0AD1CD480178C34A6A44CB
:102FA0005172417891728178D172C0781073BF48A4
:102FB00068440DF043F900258A9528462E46102DC9
:102FC00017D08890C34C6C4420460CF02BF9C248B3
:102FD000431CE28861882088002B02D000BF5B1E62
:102FE000FAE78A9B9B188A937618889908186D1CB3
:102FF000E5E70309B948181884B23109E120649063
:10300000800086906530B64A844201D2B54C638117
:103010008A9B1B098C18A4B2844201D2B14CE18274
:10302000991889B2814202D24620AE490B52002043
:103030006799086148618861AB490C2805D0425CFA
:103040009A4B6B441A54401CF7E798486844C17A7D
:103050008A91817A8891417A7F91017A8091C179B0
:1030600079918179759141796E9101797391C178E6
:103070006A9181786991457804780CF023FE769006
:103080002B988004994A516901435161906998498C
:1030900001439161974A106880B2974940181060C7
:1030A00072988006916801439160506A9349084084
:1030B0009349401850628398906192489061924879
:1030C0009061924A1068302188431060D0688499DA
:1030D000084332998843D0608D4AC0328D480168D8
:1030E0001140829A114301608B480168299A11436B
:1030F00001608260894E0021316071983060172232
:103100006592120208927260403030607A98C04333
:1031100081902030B268D20704D0002802D0327BE0
:10312000401CF7E728020019699A120480186A9A6D
:10313000120680186E9A1202739BD218759B1B049C
:10314000D218799B1B06D21842407F980002809BC0
:10315000C018889B1B04C0188A9B1B06C0185040CF
:10316000759058486230769A4A90024057928598F6
:10317000000788906A4D052900D1D5E00A46284607
:10318000B168090603D5411C00280846F8D1594802
:103190008899816100BF00BF2846B168090603D540
:1031A000411C00280846F8D180922846B16889075A
:1031B00003D4411C00280846F8D1A02434732846C3
:1031C000B168C90703D1411C00280846F8D1307BFB
:1031D0002846B168090603D5411C00280846F8D1E5
:1031E00000BF00BF43488399816100BF00BF87983B
:1031F000002802D000BF401EFAE7002001460DF073
:1032000061FA7C98C001002802D000BF401EFAE796
:103210000B2019210DF056FA0C2001210DF052FA65
:1032200034483849816110200DF0E6F93D49487174
:103230002946B268120603D54A1C00291146F8D166
:103240002C49889A8A6100BF00BF2946B2681206DD
:1032500003D54A1C00291146F8D12946B2689207C5
:1032600003D44A1C00291146F8D134732946B268A8
:10327000D20703D14A1C00291146F8D1317B2946D7
:10328000809BB268120603D54A1C00291146F8D16A
:1032900000BF00BF1749839A8A6100BF00BF591C55
:1032A000C0B29E2841D066E700F801086C06000015
:1032B000D40100082C0E00007A010008860E0000E0
:1032C000620000089E0F0000594B53460A2C25004F
:1032D0003CF80108C8110000B70B000024FAFFFFFA
:1032E00024FA000070060020ACF7FF1F0010024017
:1032F0000110020000100048000055A9FFFF0F0058
:10330000000010110003000300040008000400483E
:103310003FF0FFFF080001400C0401400030014075
:10332000F0D8FFFF080B002005232846B1680906E6
:1033300003D5411C00280846F8D1DA4888998161F4
:1033400000BF00BF2846B168090603D5411C00280C
:103350000846F8D12846B168890703D4411C0028E3
:103360000846F8D106200E9030732846B168C90788
:1033700003D1411C00280846F8D1307B2846B168AB
:10338000090603D5411C00280846F8D12846B16833
:10339000890703D4411C00280846F8D1542007901F
:1033A00030732846B168C90703D1411C002808467C
:1033B000F8D1307B2846B168090603D5411C0028A6
:1033C0000846F8D12846B168890703D4411C002873
:1033D0000846F8D1752030732846B168C90703D173
:1033E000411C00280846F8D1307B2846B168090600
:1033F00003D5411C00280846F8D12846B168890742
:1034000003D4411C00280846F8D168983073284638
:10341000B168C90703D1411C00280846F8D1307BA8
:103420002846B168090603D5411C00280846F8D192
:103430002846B168890703D4411C00280846F8D102
:103440002A20469030732846B168C90703D1411C31
:1034500000280846F8D18093307B2846B1680906D9
:1034600003D5411C00280846F8D100BF00BF8D4895
:103470008399816100BF00BF0024322C08D08A48A4
:10348000015DFF2902D020460DF01CF9641CF4E711
:103490002846B168090603D5411C00280846F8D122
:1034A00080488899816100BF00BF2846B16809063D
:1034B00003D5411C00280846F8D12846B168890781
:1034C00003D4411C00280846F8D1A02030732846B8
:1034D000B168C90703D1411C00280846F8D1307BE8
:1034E0002846B168090603D5411C00280846F8D1D2
:1034F00000BF00BF6B488399816100BF00BF0220FD
:10350000012179910DF0DEF82C4602200DF074F8BF
:10351000C00703D0601C002C0446F6D124201321E0
:10352000624C45905D91A04726203B214390289115
:10353000A0470F2000218A91A04702200146A04702
:103540002C4602200DF058F8800703D5601C002C93
:103550000446F6D10F20A0216E9084910DF0B2F8B0
:10356000022001460DF0AEF82C46022085900DF0A9
:1035700043F8800703D5601C002C0446F5D12520B4
:103580000A21429069910DF09DF8494845498861AA
:103590001F2015900DF08EF82846B168090603D556
:1035A000411C00280846F8D13E488899816100BF37
:1035B00000BF28463F4CB168090603D5411C0028CE
:1035C0000846F8D12846B168890703D4411C002871
:1035D0000846F8D1849830732846B168C90703D1EA
:1035E000411C00280846F8D1307BB068000603D59E
:1035F000681C002D0546F8D100BF00BF29488399FB
:10360000816100BF00BF10202F900CF0F5FF5F908C
:1036100060717D988A9A42638263C2630264759B7B
:10362000190E7F9114466000A107C90F08187F99F1
:10363000401874990840292173914843401C849094
:103640000F2C3FD8521CC82A01D8052600E00326BB
:103650008298F43082428A9200D901261648434368
:10366000164818188890E04029210FF07DF98498B9
:103670000818C1B2002294420DD0114B6B449B5CE0
:10368000CB1ADD176B405B1BDBB2521C9E42F2D99A
:103690008A9A889BD4E70A4969440855641C8A9A27
:1036A000889BC0E70010004829420108C5060108B0
:1036B00000010003080B00200D6619005FF36E3C4B
:1036C000C8110000D84801684068D84A914211D119
:1036D000C01E02280ED2D448007A132800D313202B
:1036E000C001D14908187E994358581E0121C94389
:1036F000884212D3819B2F33CD48016840689142A4
:103700000BD1401E0228799807D2C043C8498B6864
:10371000591E814201D3819B2F330020C54A1C28AA
:1037200004D0C54969440A52801CF8E7C34868447C
:10373000C34C21468A936CC86CC1759820618A9DE0
:10374000656120461830BC4969441C226A920EF01B
:1037500041FB20463430112130910EF0ECFA492122
:1037600000205E916054691C4A1E914148220592D6
:10377000A154462188916052452285990692A15410
:10378000B049086088607A9A8A62839AF73ACA6276
:103790000861799ACA60279A1304AB4A14689C435B
:1037A0007B9B1C431460A94CFF3413692340799C14
:1037B000E40323431361A64B2833A64A1360799D83
:1037C0000D608099052900D305465F98C0B29E38E8
:1037D000414241415798002804D079980E460BF099
:1037E000C9FC314629435F910020302808D0924916
:1037F000694400220A5209188A804A80801DF4E731
:1038000001206C9D28717B90E870934868440026E5
:103810000687014630318E7267990E604E60864988
:103820006944302280920EF0D5FAAE706E708B4AE9
:1038300050696F9B184350618798303091690143FC
:103840009161749A10046D9D296881431943296020
:10385000686A8599084309998843686280497A981B
:103860008862682088610A624C647E4868443146F8
:103870000BF0CCF8714D6D441424002C08D079491C
:103880006944802228460EF04DFE641E8035F4E720
:103890007B990A0277988A9202806798724D056335
:1038A000724B4363724C8463724DC563724B036405
:1038B000724A42648364C2640A045C4901612999C2
:1038C0004161839282616E4902461C3232C266496E
:1038D00081626649C162584C6C44254642353E219E
:1038E00028467A910EF076FF2046803005212A91F5
:1038F0004A02524969445A900EF014FE6498C0007E
:103900008490494908684968484A904212D1C81EC3
:1039100001280FD875916698C00180900020809989
:10392000814200D1B2E040490958434A6A441150EB
:10393000001DF4E710347E943D4801687F91406893
:10394000899077988A990180679847490163474928
:103950004163474B8363474CC463474A026447490A
:1039600041648264C164314901612999416183994B
:103970008161434902461C321AC23B4981623B497C
:10398000C1623E2128460EF025FF5A9D142E0DD00F
:103990002A4C6C44204631460BF038F880222846E9
:1039A00021460EF0BFFD8035761CEFE71F487F995A
:1039B0008142344E899D00D0ECE1681E022800D37C
:1039C000E8E18598C1431A488068421E8A4201D8BE
:1039D000709908600020809B7E9C202813D0144999
:1039E00009180A69C968215021184A600830F4E7AB
:1039F0000F49C858C918091F09680F4A6A44D150AD
:103A0000D11848600833402BF2D1022D00D0BDE11F
:103A10001D480178084A6A44517241789172817850
:103A2000D172C0781073B1E100F00108594B5346D0
:103A300000F80108DC0500006C060000C811000059
:103A4000000000200044014004E400E00000FFFF0B
:103A50001800200000E100E02C06000000100240E9
:103A6000002C0140C81B0000D40100082C0E0000EF
:103A70007A010008860E0000620000089E0F000018
:103A80000A2C2500000800483CF80108042067992A
:103A9000FA4A0A614861FA486844407B232801D306
:103AA0003C2803D9F64868442C214173F448684403
:103AB000007A132803D9F248684400210172F048C3
:103AC0006844007B002801D00B2803D3EC486844ED
:103AD0000A210173EA486844807B0F2801D3372804
:103AE00003D9E748684425218173E5486844C07BD1
:103AF000032803D9E24868440021C173779800780D
:103B0000022802D30020779908700020DC4A6A441A
:103B1000202829D0DB49C93118280B4601D0DA4BBF
:103B2000C833002800D019461218D54B6B441B1817
:103B30005E8A148AB4420BD2D14D6D442D18AD8AE1
:103B4000AE4205D2322C03D3D04C3434A54209D92D
:103B5000849CF8345C82631A1382C94A6A4412183E
:103B60000C4394820830D1E781982030C74EC44975
:103B70006944002824D009184031C14A6A44121807
:103B80004223D55A0B88AB420DD2BD4C6C4424184D
:103B90004426A45BBD4EA54205D2322B03D3334647
:103BA00034339C420AD94232B54B6B441B1844242F
:103BB0001E5362230B808499F83111800830D6E7B8
:103BC0000020AF4E6E44839080300246AC49694479
:103BD0008098824200D1D5E07F928D187221695C75
:103BE000022903D32946723100220A707321695CCD
:103BF000042903D32946733100220A708398401C9C
:103C00007E9081992D3100292BD07218A520135C4C
:103C10001E2B01D3652B03D31046A53064230370FC
:103C2000A820135C1E2B01D3652B03D31046A830AC
:103C3000889B0370AB2014566320C3439C4201DB76
:103C4000652C03DB1046AB300024047089981456B1
:103C50009C4201DB652C02DBAE3200201070491C57
:103C6000D1E7A97D052901D30021A9757A98295C9E
:103C7000042903D329463E3100220A70729829563E
:103C80006322D243914201DB642903DD29463F319F
:103C900000220A70698E8698814202D37C48814254
:103CA00002D9869964316986298F6A6B0A430CD1DF
:103CB0002946343135220823AB540022AA8775489F
:103CC000A8637548E88607220A70B421BE2906D089
:103CD000725C192A01D900207054491CF6E78198BA
:103CE000002822D033181A46F03214780E2C0BD844
:103CF000F1241C5D192C07D8F5241C5D022C03D877
:103D0000F4241C5D0B2C0ED3F4248A90002018534D
:103D1000F22431462E4664251D5335460E46F124C5
:103D2000185510708A98801DDAE7E97D09290AD0B4
:103D3000052908D0002129845848E861584868833B
:103D400069760521E9752978491EFE2915D355485C
:103D500028815548A880554828608398401C8A903F
:103D6000C0B20A2421460EF069FC44433030A871E9
:103D70008A98001B30210143E97180367E98839038
:103D80007F9821E775980328494E03D13C48684441
:103D90000CF0DCFB3A486844807A411E88416C9BF9
:103DA000D87077984078411E02468A411A710028DF
:103DB00006D040486844404904220AF04FFD03E021
:103DC0003C4868440AF0CEFD2D4D6D44E87B0BF075
:103DD000CFFA0024394884717798007841424141F4
:103DE000374A517009994904364B5A690A435A6156
:103DF0007499890632688A437B9B99065118316011
:103E00003149002802D00846C13000E05807B061AF
:103E10002E48684444810481C4808480697A4A1EA3
:103E200091410173297A132900D35D99C9015A9AE6
:103E300051180A8A02804A8A4280C8680BF0D2F977
:103E40006798C069699948430AF098FBA87B0AF013
:103E50006DFB849A0D4B0C2C06D01046F8301C4993
:103E600069440853A41CF6E700200C2834D01946F6
:103E70006131184A6A441152801CF6E7594B534687
:103E80006C060000AF040000DC0500009E0F00007F
:103E900034080000090A0000050600004B64000019
:103EA00019320000202000004C2000004D4F4445F6
:103EB000000800482C06000096400108080B00206E
:103EC00070060020001002403F1F0000EC100000B0
:103ED00050110000C811000000246298047054982A
:103EE000846044600460EF4868448A90EE48684407
:103EF00001468A9E2CCE2CC1269001460C31EB48FF
:103F0000684425912CC82CC162984470E8495498A3
:103F1000C160E8486844047778980460446084602D
:103F2000C46001614461846186987C3041907699D7
:103F3000014205D0DC486844DF4969440AF076FA5A
:103F4000269818302690E0435390849A0C2C06D083
:103F50001046F830D94969440853A41CF6E7D848FC
:103F60006844007A59904B203890400164906298E0
:103F70000078002800D0D6E1002589958395FDF7CB
:103F80006BFD8A90C94C6C4420460CF085F9849EE8
:103F9000F8360BF097FE3040217866787F967E9158
:103FA0000E43A3781E43E27816430821645EC54998
:103FB0008C4202DD002806D0ACE1002800D0A9E147
:103FC000002E00D1A6E1809476937792BE4D2846CC
:103FD0000BF044F8B34C6C4420460BF0A3F87D98EA
:103FE000406C0090B14A6A448A98294623460446A8
:103FF0000BF03AFB8398201A71990B3188422CD927
:104000006C9B1879002806D0AB4868440322AF495E
:104010000AF024FC20E00020987002211980A649B3
:10402000694432220A87639ACA86649AC8328A86A9
:104030006799A74A0A60D978012983940DD182999A
:104040007F31A44BD962619A5A635A6A8A421946EF
:1040500000D948625598086083948998211A2129CB
:1040600000D21CE16420642900D301467590924877
:1040700068440AF023FC7B9DA9028BA86F900DF089
:104080005AFE032001028748684489910181092171
:104090001022789B904C1C66904C5C66904C9C6601
:1040A0006E9CDC661A6759675D65759999651C4653
:1040B0006F9D2946FDF7B2FD7F2100207590606558
:1040C0006B98A0657091E16520667B986066854875
:1040D000A066744868442946FEF7E0F8794880995C
:1040E000814216DD6F48684489990181022164226A
:1040F00001236365A265784A2266784A62667A4A35
:10410000A266669AE2662167659961678BA9FDF7E9
:1041100085FD002E00D195E06248684489990181AF
:1041200022210225642201236F9363658092A26598
:10413000694A2266694A62666C4AA2666E9AE266BB
:104140006D95256761678BA9FDF768FD6848E0629A
:1041500020636063A0637E980028759D0ED0654C37
:104160006C440021042520462A460DF0B3F8624A2B
:104170002B460DF066F92020207105257F98002838
:104180000ED02C1D5B4E6E443046294622460DF063
:10419000A1F80423594A0DF054F9202030556D1D23
:1041A000769800280ED02C1D524E6E44304629467B
:1041B00022460DF08FF80423514A0DF042F92020D9
:1041C00030556D1D779800280DD00D2D0BD22C1D6C
:1041D00048486844294622460DF07CF80423494AA1
:1041E0000DF02FF900E02C464248684421460DF0BE
:1041F00021F802460B462B48684411461A460DF03A
:10420000E3F9789D6C6DA96DEA6D26486844899B39
:104210000381314B2B66314B6B662C236D9E2E67D1
:104220006B670E23002C00D11346789CE366364A58
:1042300000D10A46A2666F9961658099A1658BA934
:10424000FDF7ECFC372075996165A0657099E16513
:1042500020667B9E66662348A06612486844254611
:104260008BAC2146FEF71AF80E4868448999018103
:104270000221264A2A66194A6A66254AAA666A9A65
:10428000EA6629677A99696764216E65A96521469E
:10429000FDF7C4FC20460AF08FF98A988990799D31
:1042A0006DE6C04650110000C81B0000C811000098
:1042B000FFFF0000FC1000002C0600001C11000095
:1042C0006C0600007CFCFFFF94330108C640010827
:1042D00050003200002C01400432010802020102A9
:1042E000B033010802010100BF330108D4330108D3
:1042F0002020202028110000542A0108DC2A01086F
:10430000442A0108882A0108E33301085C330108C4
:10431000F1330108E80706D0F3496431F3486844F3
:1043200028220AF029FBF24868440BF0B5FFF14857
:104330006844007A1328789A00D31320C0015A9950
:10434000081874214D91405C411EC9B2D26A0A29F5
:104350006F9204D2FC4969440CF0CEF800E00020D2
:1043600027995890579A501E82415792F848401CFE
:104370004C90F848684420301990F7486844C01DB4
:104380002C90F5486844C01D1D90F3486844C01D3A
:104390000D90F1486844C01D1890EF4868441030F3
:1043A0000A90EE486844801C3390ED48684412300F
:1043B0003F90EC486844801D409090313D9160985A
:1043C0000001509000206421E74A5F9BDB43139378
:1043D0001B921A9014902490449112915399109129
:1043E00005466A90779056904B90489049902E9051
:1043F00037903E90779865906A9C8995FDF72CFBE5
:104400000546D74868440BF047FF77952E1B642E6E
:1044100000D3449E0BF056FC05467798A0426A9460
:1044200053D0C548684431460AF048FACD4868443C
:10443000808800280CD0B3B2C21ACA496944984295
:1044400000D2379A8A8003D8C64868440021C172D6
:10445000E8434221084231D028062FD0C1486844A1
:10446000807AE9B2884200D0D3E0B0B2BD4A6A4453
:10447000D1880918EA4B994200D3E949D1803D9A85
:10448000323A92B2914277996A911ED9B5496944FC
:104490000A891018E24A904200D3E14808815A285C
:1044A00077986A9011D3AF48684400210181002DAC
:1044B00001D101F0E2FA68422840BDE000204099B5
:1044C00008714880088077986A90D64868440188C7
:1044D000A34A6A44508A411ACB175940CB1A918A91
:1044E0001F2B7595639603D39D4A6A44D28A2EE0AA
:1044F000CC4A6A4452888A1AD3175A40D31A984A27
:104500006A44D28A1E2B22D8C64B6B449B88D31A8E
:10451000DD176B405B1B1E2B19D8C24B6B44DB882D
:104520008F4D6D442D8BEB1ADD176B405B1B1E2BE3
:104530000DD8BC4B6B441B89894D6D44ED8BEB1A38
:10454000DD176B405B1B282B01D801F0C7F9799E62
:104550003346B44D6D44AA80698028807899C86E2E
:10456000E880486F68817E496944C88B28816F9DC7
:10457000E8B20A7882423046324613D1280A4A7895
:10458000C0B28242799A10460CD1280C8978C0B208
:104590008142104606D1280E71496944C978081A2B
:1045A000411E8841759909041146639D00D1194641
:1045B0000029114600D1014664486844C07A789ABF
:1045C000536D00296F9313D0401EC0B20021032801
:1045D000569102D28000C74909584C910A21679828
:1045E000C069484309F0CAFF56984B90799A50E049
:1045F000002808D07798A042799A4AD04C99A942CD
:1046000021D9491B25E07798A042799A41D04C994D
:104610001FE029468143080601D101F06DF9514898
:10462000684400220281C28085720029329801D13B
:1046300001F024FA48420840AF494843C00EAFA1F8
:10464000085C01F01BFAB548349981610021B44837
:1046500001644B984419002584426C9800D2EC43C5
:104660004C91B0498C4213D93949569E8E420CD98F
:104670000079002801D101F047F92F48684402224F
:10468000A9490AF0EBF801F045F9639881195691B0
:104690004B9462980078411E8841A4496944097E80
:1046A000002900D1024629486844067A132E304674
:1046B00000D313200123C1015A988A9141184D98C3
:1046C00076910C5C601E5999C9B28E4270936D92BE
:1046D00012D1899959401143C9070DD0C0B20A2897
:1046E0007C9D769E14D35CE0340800002C0600000C
:1046F000281100006C060000C0B209281ED8184915
:10470000694420460BF0F8FE589059967C9D769EA1
:104710001349694420460BF0EFFE589B1A4642406D
:10472000D107014600D11946D2436D9B1A43D207E7
:104730001CD0589135E0C0462C060000002058904F
:1047400059967C9D769E2CE0281100006C06000096
:104750002F750000C81B0000C81100005C1C000081
:1047600050110000EC100000581B0000002805D07C
:104770006F4868440AF042F8799811E06C98007923
:10478000002806D06A48684402226A490AF066F89E
:1047900005E067486844502284990AF0EDF800204B
:1047A0005890654C6C444E98215E86984F91411804
:1047B000643188B2C00B081800B24010EA00904281
:1047C00000D3104609B2539A914200DA0020327E9B
:1047D000511E8A41F17D334619330BF029FC85B215
:1047E0000E22A05E7F900C205190205E8090534856
:1047F0006844437A60896190E0886090A488B07DC5
:10480000401E032852925F945D93899521D8400001
:1048100078448088400087440700CB020B001700D3
:10482000FFFF00001C1100006F98000604D110E08B
:104830006F980002000E0CD02D212C222B2083908B
:104840002724429B43980BE03D48401C6F998142CE
:10485000F2D22820839022234798459C739A469948
:10486000715C7E91315D5C91B15C5B91345C83984D
:10487000325CF15C5F98334DA8470346609821464F
:104880005B9A1C46A8472B46054661985C997E9A20
:1048900098472D4B6B447E90D880899949002B4ACC
:1048A0005118491C8991998083955D8025461C800B
:1048B0002748684438215B910DF03DFA7A98325CC4
:1048C000042A00D3002277986599401A5C908A9B4D
:1048D000900004A108582DB27E990CB283990EB2B3
:1048E0007E92874655490008F1490008634900084F
:1048F0009B4900088C45010831B57C0700011C026A
:104900001D0E18031E16140F191104081F1B0D1776
:10491000151310071A0C12060B050A09001400489B
:1049200000040040BF270900D8400108FC10000027
:104930002C060000BA400108501100006C0600006F
:10494000FFFFFF00CD030108481C000017FCFFFF1C
:10495000C81100007D98456386638999C16304642A
:1049600061E07D988999C1634563311BF0488142BC
:1049700000DCEF497C98C000814200DB01467D9A53
:104980001164A119EA4A914200DCE94981427E9A08
:1049900000DB01467D98816345E035207699085C0F
:1049A000E44969440191E44969440091E349694457
:1049B000809A7F9B0BF04EFD7D998E63899ACA6326
:1049C0000C64C10F401841104A1BD948824200DCD8
:1049D000D74A7C98C000824200DB02467D9B9A64E5
:1049E0004919D34A914200DCD14981428A9B15E0A2
:1049F0007D988999C16304647119CD48814200DCB6
:104A0000CB497C98C000814200DB01467D9A9163CE
:104A1000711BC74A914200DCC54981427E9A00DB86
:104A200001467D984163C6486844C01889900021BA
:104A3000B424BE2C1FD04D1C0E1D0E2E18D28998EA
:104A4000005D032A02D1052E859912D0B949694427
:104A500083910191B84969440091B8496944809AA9
:104A60007F9B0BF0F7FC7E9A8A9BB100839E70506F
:104A70002946641CDDE73026B1486844002E71D019
:104A8000C018C0300478002C69D00E2C67D8AC4810
:104A90006844C018C421405CA74969448A930BF05C
:104AA0002BFD8A9B00285AD0A5486844C518C12010
:104AB000285CA049694401919F49694400919F493C
:104AC0006944809A7F9B0BF0C5FCC221695648431C
:104AD00064210DF0DBFEC3216956699A51434018E9
:104AE00068996A5C611EC9B2002A28D0012A10D0D8
:104AF000022A8A9B33D18E4A904200DC8C487C9AF1
:104B0000D200904200DB104689008A4A6A44505025
:104B100025E08900874D6D448991695848437C9907
:104B2000CC0021460DF0B2FE8149884200DC80486D
:104B3000A0428A9B00DB2046899968500FE08900DB
:104B40007C4A6A4453581818794B984200DC7848DC
:104B50007C9BDB00984200DB184650508A9B9B1DD3
:104B6000B61F89E700207C9E1C2805D07549694442
:104B7000754A0A52801CF7E70020724969443828B8
:104B800015D06C4A6A441358DA0F9A1852106F4CB9
:104B9000A218FA323401A24200D322466C4CA3423E
:104BA00001DA869A64320A80891C001DE7E7002436
:104BB0006848684401578900549AD26F89180DB229
:104BC000F1008D4200DC0D463201954200DB1546B6
:104BD0005C4B6B441D80709D4557AD005E88AD19E0
:104BE0002DB28D4200DC0D46954200DB15465D80FE
:104BF0009D88807840B25D9901297C9E0CD0022965
:104C000025D18000401905B2F000854200DC054640
:104C10003001854222DA22E04D4949194A1CF1004F
:104C20008A1A00D20022869B64339D4201D2719A77
:104C3000D432424390000DF029FE451986988542F2
:104C400000DC869D4448854209DB434D07E0F000C7
:104C5000854200D805463001854200D305463948D3
:104C6000684485803B496944749A89568900C288A2
:104C7000891809B2F200914200DC114632019142DA
:104C80006E9D00DB1146C1807698808A2146509E39
:104C90001C290ED022462A400346D340DA0705D00D
:104CA000284A6A44535AF31AC8335352641C891C65
:104CB000EEE72A486844234969441C2283920DF098
:104CC00089F87220769E355C0AF0DCFA04468A95F3
:104CD000012D4DD17320315C012220468992504034
:104CE0000BF08AF8002C1E4C1E4D01D000F007FC82
:104CF000E078012801D000F002FC20697799081AB9
:104D00000A2800D2E0E0779820610E496944162015
:104D100088701548088000204876144D20284DD012
:104D200086995C31034A6A441152801CF6E7C046FA
:104D300018FCFFFFC811000050110000481C0000C3
:104D40006C0600005C1C0000DC050000E2040000B2
:104D500017FCFFFFEC100000340800007811000081
:104D6000080B002000000020EE180000DC07000007
:104D7000002001460BF040F820460AF07FF9002C95
:104D8000FC4D03D1FC4868440AF068F9FB486844CC
:104D90000AF0C8F9EFF3108072B64721695C5E9A99
:104DA000AA5C80F31088961E701E86410E40B7E301
:104DB0003C986F99014200D03EE54AE500241C2C46
:104DC00017D0ED486844005BF7218900884200D87D
:104DD0000846A84200D32846C000E949401800B25E
:104DE00005210DF053FDAC30E64969440853A41C7D
:104DF000E5E7E54C6C447D98456BE570E148684417
:104E000083889908A17142895108A172C1897E9154
:104E1000CE0866732D0A4688F10029432171710975
:104E20009D010D436571990AC3885D000D43E571CD
:104E30007D9EF16B0D01DB092B4323720909D30120
:104E40000B436372316C8B00520A1A43E272890978
:104E50007E9A52010A432273756CA573838A99085E
:104E60006174428B51086175C18B7E91CE082676A4
:104E70002D0A468AF1002943E17371099D010D4312
:104E80002574990AC08A43000B43A374C0097D9D11
:104E9000E96C0B010343E3740809D1010143217557
:104EA000500A296D8A000243A27588097E9949013A
:104EB0000143E175172133980BF030FD60761A211C
:104EC00020460BF05DFCB14C0025B14A106801078B
:104ED00001D508215160800600D4BEE29068C0B2BE
:104EE0006669002E09D0012E12D1811E3D2900D302
:104EF0008BE0A84948700223A0E2C82804D0EE281D
:104F000002D0EA2800D09BE2A2490870012395E272
:104F1000A0494C78A11C00238E4200D38EE23F2E84
:104F200001D903F0DAFB9B4A9055701C974A5061F7
:104F3000974A884200D083E27E9396480CF08CF921
:104F40003A918E4201D303F0D0FB815D76913B9084
:104F5000801C611E5D900BF0E1FCC0B2769981422D
:104F600000D069E25D9908780828894A7E9B09D0BB
:104F70002E284CD0292800D181E02B284ED014288F
:104F800000D05BE20E463A99032900D156E27690B2
:104F90003B984478A01C884200D94FE2022C00D2F2
:104FA0004CE23B98001940783A90611E30460BF075
:104FB000B5FCC0B23A99814200D03DE2769E082EFF
:104FC00000D134E1142E00D036E20B2C704A00D808
:104FD00033E26E4B184630303B9C61790174A17905
:104FE0004174E1798174217AC174E1784942817315
:104FF00021794942C173607A401EC0B2072800D9A6
:1050000023E240006449085A20E2002316E24520CA
:1050100001215E4A115477985063A8E0022E01D115
:1050200003F04DFB072C00D208E23B9988795D9094
:1050300048797690C91CA21E042420460BF098FFE4
:1050400002460E467C9883000329544900D2A0E111
:10505000C858082800D39CE1219450787F21014052
:105060001F9111780224179123923A96A64200D1FB
:1050700098E0105D002800D195E0641CF6E7022E50
:1050800001D103F01CFB052C00D2D7E13B9AD01CC8
:105090003A90A61E7F208300107940495D93C85442
:1050A000201F541D00217E96884205D0625C002A94
:1050B00001D0491CF8E78E1C7696B61E374900D2FF
:1050C00000261422142E00D316466E9840010918AB
:1050D00030460BF044FFB21C7E9B9A4201D903F08C
:1050E000F3FA22461C4633460CF0ABF9279A1046D9
:1050F000FE302A4B1E5476990D31A14210D23A98B7
:10510000405C5100585400287C9819460DD180000D
:1051100000230B50012040020A460421115426E0CE
:1051200050000A2119547C98194600241C4BCC5479
:1051300080000C5001207E9040020E461146043142
:1051400031527298C0007799315009211D980DF0A5
:1051500041FB5D98305C0B4E6E447E99224633468F
:105160000BF0B3FB082130460BF00AFB2346084A3C
:1051700064E1C04600000020781100009411000096
:10518000C0E0FFFFC81100005C1C0000080B0020FD
:105190001C440040F0060020542E0108FC080020AA
:1051A000FF0100003446002054998866C8660867ED
:1051B0004867A61E00D206463B93102E00D3102649
:1051C000EF48684431460CF08FF8B21C3A9B9A4283
:1051D00001D903F079FA239A921C169633460CF003
:1051E00030F9E848684424211E910CF0A4FD641CA9
:1051F0003A9E0022B44215D21F990D29E248769BAF
:1052000039D009293BD12292899A0F942399B4422B
:1052100038D2085D3B2802D0002834D000E0521C70
:10522000641CF4E71E922092D748769B54E0092C28
:1052300000D801E1D54B184630303B9A917A017580
:10524000D0790004117A09020818517A40181863BD
:10525000D07811790902081800BA000C642148437B
:105260005887507992791202101800BA000C4843FE
:105270009887C74AEBE01E92209223992BE01E925A
:10528000209229E034460C920F98201A24281E9A66
:1052900000D310462090BB4969440BF060FE209B70
:1052A0001E900F981A18B24201D903F01AFA239EE1
:1052B00032181E980CF0C5F80C98C0B2411E024678
:1052C0008A413146801A1E90641C3A988442AE4846
:1052D000769B229A00D20A5D06463B9831580929EE
:1052E00001D303F0F6F922923C20484334183C3EA7
:1052F000002816D07022B25C3C383C369A42F7D176
:105300005B9822993154304610309E4969442422DA
:105310000CF060FD3A202099315439201E99315407
:1053200034E0082932D0964868442390994969446A
:105330003A910F94239C4DCC4DC19249694424224B
:105340000A980CF047FD34260F9C20463A993246C5
:105350000CF040FD0020289960543A2020992154F7
:1053600039201E9921545B9822992154372016998F
:10537000215436201F9921543520179921547698AD
:10538000A05581493B9A8858401C88507E49219CF1
:105390003B9B5D9800281CD07F4A885C441C8C5441
:1053A0000E46092118980DF015FA7F208000305C18
:1053B000784E6E447699224633460BF086FA0821E1
:1053C00030460BF0DDF97298C00077996E4A1150A3
:1053D00032E027984000085C769A824229D2C85869
:1053E000082826D200237E936B480B54521C7692D9
:1053F0006A480A54899840020C4603212154092125
:105400000D980DF0E7F97F208000205C614E6E441E
:1054100076997E9C224633460BF057FA0821304697
:105420000BF0AEF923467298C0007799564A115096
:105430009DE6899840020C54554A7E9B534843612F
:105440006D1C412D514C08D040E5002018874520A7
:105450000121195477985863EFE74520215C002912
:1054600008D0616B779A511A719AD432914201D95E
:1054700000212154012040024349085C0328484D83
:105480001AD001283BD17298C0000958779A511A56
:10549000829A2B32914232D93B49779A0A500020A6
:1054A0007D99486388633B4C6C4420460BF0FAF9C5
:1054B00006212046354C20E07298C0000958779AA2
:1054C000511A829A5D32914219D92F4D77992950FC
:1054D00032482C5C09212C980DF07CF92E482A5C6E
:1054E0007F208000285C2B4D6D442146274C2B46A5
:1054F0000BF0EBF908212846294D0BF041F979987A
:1055000009F0BCFD20463030417D264A6A44D17204
:10551000007C9072608F108100267D980660466046
:10552000214A6A44108A89900090204969441D4BA1
:105530006B4477980AF098F875984A990840411E8C
:1055400004468C4100280CD0002E33D08498F830CB
:1055500075990840414241415798084208D07998CE
:1055600061E0002E26D08498F8307599014259D018
:10557000002009F0FFFD0E48684409F0F3F941E00E
:10558000481C00005C1C0000FC080020080B0020E8
:105590001C440040C8110000FF010000010200008F
:1055A000000000209411000050110000781100004C
:1055B0002C060000F2496944097E629A1278D2B240
:1055C0000A430021002A1BD100281DD0499A639864
:1055D0001218799901D30020C24336988242499229
:1055E0001ED94898C0071AD108460C4609F0C2FDDA
:1055F000E44868449622649909F0BEF9489401E0B1
:105600004891499157940FE04898C007002100281D
:10561000499803D10021282800D388E14991489175
:10562000579101E000205790EFF3108172B65E9819
:105630002A5C7098024003D000205E9BE8546869A1
:1056400081F31088002A6D9D35D0411E0122D2437E
:10565000914230D2CC496944097A132900D31321ED
:10566000C9015A9A5118CA68824224D0C860C648F3
:1056700068440AF06BFF00206C9B9870022119802F
:10568000C049694432220A87889ACA86649A8A86FF
:105690006799FC4A0A60D97801290CD182999F3117
:1056A000F94BD962359A5A635A6A8A42194600D927
:1056B000486255980860B2486844007E00283AD095
:1056C0005C98202800D8B7E0AE4868440390F148C1
:1056D000684402903F980190EF4868440090A84CBD
:1056E0006C448BA9A84B6B442046759A04F0D8F8FB
:1056F000A07E002809D0E9486844A249694408F01E
:1057000095FE9F486844002181769D486844C07E8C
:10571000002801D100F04FFF799809F02BFD98483F
:1057200068440021C176974868449622649909F03C
:1057300023F900F040FF62980078002832D05C998D
:10574000202979D963998CB2142C00D81424629939
:105750004978419A759B1342899404D1CA0702D0B3
:105760000021629A5170549AD2688A92CB4B6B4452
:10577000759D9D84CA4B6B441A8CCA4C6C446192D3
:105780006281DA8B60922281789EB26EF66EE6803C
:10579000DE8AA68062805B8A2380CC072DD18A991D
:1057A0008D432BE04198759901423ED0639880B2B9
:1057B0003E9989B20918BC488142084600D3BA48CC
:1057C0000146BA483E91814231D96D4C6C44709A81
:1057D000227700216182539820827898016041608D
:1057E0008160C1603E91416182616648684409F010
:1057F000B9F8207E00281AD062E700258499F83194
:105800002940419A15402E46012819D0022823D15B
:1058100000296D9D00D19AE00020629908705948D6
:10582000684409F09FF800F0C6FE00203E905C98A6
:10583000202801D900F088FC65987790FEF7DAFD02
:10584000002900D1FFE00020629908704D486844AB
:1058500009F088F800F0AEFE709DA9028BAE3046CC
:105860000CF069FA749801028A91914868440181A8
:1058700012217D9C8F4A22648F4A62648F4AA264FF
:10588000E16469992165319961656421839165635A
:10589000A1633146FCF7C2F9854868448A990181C1
:1058A0002621844A2264844A6264854AA2642F9A2B
:1058B000E264529A2265616565638399A16331460A
:1058C000FCF7ACF975486844C08C8999884225D9A1
:1058D000401A72496944C88400F06CFE794B6B44ED
:1058E0005B896F4D6D442D8CEB1ADD176B405B1B94
:1058F000282B18D8002317E067486844002101814D
:10590000C1808572FEF7DFFD1E486844FA22849943
:1059100009F032F856954B94FEF768FE0020629924
:10592000087000F047FE0123799EFEF712FE6649DB
:105930006431144868441E2209F01EF82E99491C4F
:10594000749801402E910020499048906BE6819810
:105950002430709D002819D05049694409180B8BD8
:10596000504A6A44121892899A42144600D31C463F
:105970000C838B8C9A4200D81A468A84801CE9E7F3
:10598000FC1000002C0600006C06000000217D9831
:1059900001625F914800414A6A4410184B1E032B74
:1059A0001BD019460488058B2A1B0023A54200D270
:1059B0001A468589641B00D21C46801C4B1CFA2C9D
:1059C000709DECD392B2FA2AE9D3891C3F4868440F
:1059D000C5545F98401C5F90DCE7002E00D1A7E023
:1059E0005F98C0B2042800D03EE36798384901614F
:1059F00029994161294868442F99302900D13BE316
:105A000085890288541B0023AA4200D21C46729D3D
:105A10006C43A409141B00D21C46150425432D4CCD
:105A20006C446550058BAD1A00D21D46729B5D43D8
:105A3000AB09D2181C4B9A4200D31B4A63185A6018
:105A40000831801CD9E7002E00D16DE2154868446A
:105A500012496944024638CA38C12599024638CAF3
:105A600038C126991CC81CC155984000629908800D
:105A70001948684432226499FBE2202003A1085CA3
:105A80004000874446003200002C01402B42363A49
:105A900032464B3E78110000EC100000C81B00009D
:105AA00050110000481C0000FFFF0000AF04000080
:105AB000C811000004320108020201024E40010830
:105AC000742E01081C11000034080000B4110000FD
:105AD000594B53466C0600002C060000B24868443F
:105AE0000121B24B6B440A461EE0AF4868440321D3
:105AF00017E0AD486844022113E0AB486844022136
:105B00000AE0A9486844042106E0A7486844012146
:105B100002E0A54868440321FF2203E0A24868444C
:105B200004210122A14B6B4408F028FCFEF7CBFCBA
:105B3000A9028BAC20460CF0FEF8749801029C4838
:105B400068447F9101817D9D9A4929649A496964DD
:105B50009A49A9643099E964519929652B99696535
:105B60006422709969637E92AA632146FCF756F815
:105B70007F210020659068636B98A8635D91E9635D
:105B800028647B9868648E48A864709D884868443F
:105B90002146FCF783FB1C9805608A4941608560BB
:105BA0008949C16005618949416185615498884985
:105BB000C167132687496944874868448A908748A3
:105BC00068448990332E00D112E17948684483916A
:105BD0007F99018134467D9E764931647465022146
:105BE0007591316575637E99B163734971647C49C0
:105BF000694409190A460F3A1268F26413390968B0
:105C0000B1648BA98091FCF709F8A11F769169987E
:105C10007063B1637298F063399830647B9D7564EA
:105C20006748B064624868448099FCF765FC7398E3
:105C300070637699B163F0637694346475646048F8
:105C4000B0645B4868448099FCF728FB83990A8814
:105C5000088B831A00D2659B624C6434769E2B2E8F
:105C6000204600D05F48132E00D004468889101AC1
:105C700000D265981E256843844280921AD86393A7
:105C8000F11E7D9A11647B9B53644D4B9364916329
:105C900021460CF0D3FC1E2800D328467D99739A28
:105CA000CA63101A4863424868448BA9FCF7F6FAA5
:105CB000809A639B98B21E256843844218D8F11ECF
:105CC0007D9A11647B9B53643D4B9364739B536338
:105CD000916321460CF0B2FC1E2800D328462930DF
:105CE0007D99C863324868448BA9FCF7D7FA809A3B
:105CF0008A980088801A0AD41E25684321460CF031
:105D00009DFC1E2800D328462930709D0CE0819907
:105D100012314143084621460CF090FC1E28709D2C
:105D200000D31E207399081A711E721F7D9C606338
:105D3000A263E06321647B9860642148A0641C48EE
:105D400068448BA9FCF7AAFA8998007800280CD03F
:105D5000174868447F99018165637E99A16315495D
:105D600021641549616420490BE0114868447F991A
:105D7000018165637E99A1630E4921640E496164C6
:105D80001A49A1647599E1643899216566658BA902
:105D9000FBF744FF8998401C89908A98801C8A9060
:105DA0008399891C08360DE7EC1000002C060000D2
:105DB000C81100000432010802020102FE3F01087E
:105DC000020101002A3401082B3401082C34010897
:105DD00029340108C81B0000481C0000B411000051
:105DE0005C1C0000E20400004C4001084A4001082D
:105DF000C4486844018C8A91838A0189C2486844F6
:105E00007F9A02817D9AC14C1464C14C546413265C
:105E10002A9CD4642D9C14657596566555637E9CAA
:105E20009463CC1A00228991994200D21446899B2E
:105E30008A99C91A00D2114683918094091989B2AE
:105E40003D9A9142B34900D8B3497D9EB1648BAC71
:105E50002146FBF7E3FE2D987063669DB563479876
:105E6000F063399830647B987064AC48B064A6489D
:105E700068442146FCF740FB1B206D217163B5632C
:105E80008A91F16330647B987064A448B0649E4842
:105E900068442146FCF702FA809A382A19D97D987D
:105EA0003199816301647B9941649C49816490B21A
:105EB000000186990CF0C2FB102800D310207D99B8
:105EC0008A9ACA63101A48638F4868448BA9FCF702
:105ED000E5F9839880B2392818D37D998A9A4A6364
:105EE000319A8A630A647B9A4A648C4A8A64000104
:105EF00086990CF0A3FB102800D310206D307D99FB
:105F0000C863814868448BA9FCF7C8F960988999EF
:105F1000411A00D5B5E1080186990CF08FFB1028D5
:105F200000D310206D30B7E1709DA9028BA883903B
:105F30000BF001FF749801028A9173486844018153
:105F40007D9E72493164724971647549B1643099BA
:105F5000F164519931652B9971656421899175635B
:105F6000B163839D29466F4A90477F217F9100202E
:105F70007E9070636B98B063F16330647B9870645B
:105F80006648B064604868442946FCF787F95E4972
:105F900069448A98088116237693022080901425FC
:105FA0005A4A32645A4A72645F4AB264F564306590
:105FB000736570987063899DB56308468399594AE3
:105FC0009047514868448A99018120214F4A3264A0
:105FD0004F4A7264554AB264309AF264809A3265CC
:105FE000716570997163B563839D29464D4A9047E9
:105FF000454868448A9901812B21444A3264444AC5
:1060000072644B4AB264769AF264809A3265716522
:10601000709971638999B1632946424A904730204B
:106020007E997163B0637F99F16330647B9870648B
:106030003A48B064344868442946FCF72FF9002CEC
:1060400000D109E1304868448A9901811321709A8E
:106050007263899AB2632D4A32642D4A7264354A5A
:10606000B264F164299908E18699C83132486844DC
:10607000642208F081FC9DE23020199940282CD040
:106080000A880B460C3B1D88531B00D200233D9C05
:10609000A3421FD90B46183B1B885E1B0024AB4252
:1060A00000D22646729D6E43B5095D1B00D225467F
:1060B0001E042E43214D6D442E50D21A00D222468A
:1060C000729C624392099A181D4B9A4200D31C4A53
:1060D0002B185A600830891CD0E7184C6C442046B5
:1060E0000AF0ACF820460AF031FA6C9800790028E2
:1060F00000D10DE2104868440322124908F0AEFBBB
:106100000CE2C046C81B0000C811000004320108A0
:1061100002020102144001080F40010802010100BF
:106120008A3F01081D1C00089B3F0108AF3F010882
:10613000C03F0108EB3F01082C0600006C06000080
:10614000FFFF000008410108709881028BA875903C
:106150000BF0F1FDF6486844057A132D284600D36C
:106160001320C0015A990918F2486844699A0BF043
:106170002BFA00217D98406B0028709801D17D9802
:10618000806B3A9601D17D99C96B02F069FB6390EF
:1061900065916D1C2846699C21460CF04FFA4443DA
:1061A0002A1B30217E910A43E34969448A703030CA
:1061B00048704D205D900870DE486844749D2A4602
:1061C0000BF002FA7D9C616BA36BE26B2D02D94848
:1061D00068440581D94D2564D94D656402253B95F8
:1061E00025652B9D65656426709D65637696A6631F
:1061F0000029D44900D11946749BD34C00D11346D1
:10620000659A002A00D013467D9AD36400D0639922
:106210007D9DA9647599FBF701FD8A98401E411E7A
:1062200088411399014200D03BE13A98002800D1FF
:10623000C6E103200102BF486844018109214422CC
:106240000423642401257D9E7563B463BB4C3464D0
:10625000BB4C7464BD4CCAE1B64868448A9901815C
:10626000709971638999B163B4493164B4497164B7
:10627000B749B1646699F16480993165289971656F
:1062800095E181982030484386990CF0D7F9102881
:1062900000D310208A99081A1A2116227D9D68635E
:1062A000AA63E86329647B986864AA48A864A14843
:1062B00068448BAE3146FBF7F1FFA7486844418C38
:1062C0004489C38A9B4868447F9A02819B4A2A6416
:1062D0009B4A6A642A9AEA642D9A2A65479A6A65F3
:1062E000709A6A637E9AAA63E51A00229C4200D2E1
:1062F0001546091B00D2114689948391809549194E
:1063000089B23D9A9142954900D895497D9DA964ED
:106310003146FBF783FC3146769625262D98686337
:10632000AE634798E863399828647B9C6C6489481D
:10633000A86480486844FCF7DFF82B208A996963D9
:10634000AE63E96328646C648248A8647948684451
:106350007699FBF7A3FF809A382A19D928207D99CE
:10636000886308647B9848647A48886490B2000126
:1063700086990CF063F9102800D310207D998A9A31
:10638000CA63101A48636B4868448BA9FBF786FF01
:10639000839880B2392818D328217D9A8A9B536329
:1063A000916311647B9951646A49916400018699F3
:1063B0000CF044F9102800D310206D307D99C8638B
:1063C0005C4868448BA9FBF769FF61988999411A79
:1063D00008D4080186990CF031F9102800D3102058
:1063E0006D300AE081982030484386990CF026F9F8
:1063F000102800D310208A99081A7B9E26217D9DA3
:106400006863A963E863469828646E645148A86489
:10641000484868448BAC2146FBF740FF3020002100
:106420006963A8635D99E96328646E644948A86458
:10643000404868442146FBF731FF629840780028C5
:1064400014D03C4868447F990181709969637E99B2
:10645000A9633A4929643A4969644249A96475992A
:10646000E9642999296528996965A0E05F98C0B217
:10647000042800D086E02F4868447F9901810221DA
:106480007D9A709B53637E9B93632C4B13642C4BC0
:106490005364354B9364669BD364116528995165A9
:1064A00085E060795499314ACA6701466E9A114075
:1064B0002F4B5A5C2F496944CA700009185C8870D8
:1064C0001C486844299E32460BF07EF86B6BA96B22
:1064D000EA6B03200402174868440481174C2C64BB
:1064E000174C6C6444242C652B9C6C65002B00D1EC
:1064F00016467D9AD664204A00D10A467D9B9A644E
:1065000001215963769E9E638BA9FBF787FB76E09A
:106510001A4868449622509908F02EFA6D9D6298A8
:10652000749901701648401C0B496944C88442E0C4
:106530006C060000C8110000A01100000432010820
:10654000020201020D340108080B00206C2A010828
:10655000D63F010802010100C81B00001E400108CF
:1065600019400108EB3F010835400108453A303039
:10657000242E01085C1C0000742A01082C0600006F
:10658000AF040000A24868447F99018102211222D1
:106590007D9B709C5C637E9C9C639E4C1C649E4CAB
:1065A0005C649E4C9C64DA641965289959658BA9D2
:1065B000FBF734FB6D9D8BA807F0FEFFFDF71AFF7C
:1065C00008F060FE002800D1F9E0032001029048A5
:1065D00068440181092141220523642401257D9E0F
:1065E0007563B4638B4C34648B4C74648C4CB464AE
:1065F000F364326571658BA9FBF710FB769E8949C0
:106600006944002075904871899C2046FCF708F881
:10661000054685486844407B7043844212D28348D3
:106620001B9A8242709128D96C9A1079002801D166
:1066300001F008F87E48684403227E4908F00EF90C
:1066400000201CE003200202714868440281622499
:1066500001227D9B5A639E636E4A1A646E4A5A6495
:106660009D64D9641C652B9959658BA9FBF7D6FAF3
:1066700071481B90714C669E47E0104621301B907C
:106680002498C00616D403200102614868440181A1
:1066900009216222642301267D9C6663A3635D4B0E
:1066A00023645D4B6364A564709BE364226561654C
:1066B0008BA926E000200A2161227D9C6263A063F1
:1066C000159AE263216460645D48A06450486844A0
:1066D0008BAE3146FBF710FF032001024C486844A3
:1066E0000181092162224B4B2364564B6364A564EC
:1066F000709BE36422656165642101226263A1638A
:106700003146FBF78BFA669E4C4C4F486844C07A82
:1067100070900028799A6E9D00D1A6E04A4868449E
:10672000807A1499C90714D01299C9B288420246D6
:1067300000D30A46129210998BB2434969440A89E0
:106740009A42114600D31946002A00D01091799A36
:1067500006E03D4969440989002900D01091129052
:1067600014280ED239481A99814220D96C9A10798E
:10677000002801D101F011FA2D486844042234495F
:1067800010E0282870D208986F301A9981420ED9EB
:106790006C980079002801D101F0FFFD244868447D
:1067A00002222C4908F05AF8799814905DE00846C6
:1067B00021301A9014927D987B9A759959E022485D
:1067C0006844C07A0028244A01D100F0CEFF234853
:1067D00068442521017154982149C1671A486844C9
:1067E000847A632C01D801F065FA0320010208487D
:1067F00068440181092141220523642401257D9EED
:106800007563B463034C3464034C7464154CEEE656
:10681000C8110000043201080202010223400108ED
:1068200024340108A41100006C0600003F1F000082
:106830002C06000084400108581B0000080B0020B3
:10684000010201000202000294110000B70B0000D7
:10685000F0400108AE400108000000205C1C000070
:10686000523A20201F340108149275991A917D988C
:106870007B9A7F2341636B9981632393C363016494
:106880004264AD498164AD4868448BA9FBF706FDBD
:106890002E98002800D16FE1022800D108E10128DC
:1068A0007B9A00D09EE300200126A54B6B44044652
:1068B000022C00D1C4E3002C3B9A00D042221546A2
:1068C0002535609515460E355D9561920D325F92C6
:1068D000309D529389935B965C90839063940A21D8
:1068E00030467F910BF0AAFE3B2D00D1D7E0769683
:1068F000819A2632424393496944934808803A205A
:106900008870839C204631308218312320268A9655
:10691000082C00D88A9B8A950B7000D802464A70D2
:1069200086486844032422460AF04EFE7D9E736B1F
:10693000B16BF26B2502814868440581834D356453
:10694000834D7564619D3565002B00D114467D9A99
:10695000D464804A00D10A467D9EB264642101223B
:10696000759272638091B1638A9D75658BAC214687
:10697000FBF754F9899800887090052016212A1F8A
:106980005F9B7363B263F16330647B9870646A48A1
:10699000B0646A4868442146FBF7AEFD70997C9E5E
:1069A000F00081420C4600D804463001844200D3F6
:1069B000044686989630814218D3002003217D9D9D
:1069C000296468646448A8648A98C01E5D996963F4
:1069D000A86362480019DE3080B232210BF02EFE2F
:1069E000E863564868448BA9FBF786FDF100204612
:1069F0000BF024FE7E990843594D6D4428702046C3
:106A000065947F9E31460BF019FE31464143611A71
:106A10007E9C2143E970C0B231460BF0A5FF2143B3
:106A2000A970659880990BF009FEC0B231460BF051
:106A30009BFF21436970414868440424294622464B
:106A40000AF0C2FD7D9E736BB16BF26B03200502F1
:106A50003A48684405813D4D35643D4D7564609DFF
:106A60003565002B00D114467D9AD4643D4A8A9D39
:106A7000769E00D10A467D998A64759A4A63809A07
:106A80008A634D658BA9FBF7C9F88998801C8990AA
:106A9000761C8398401C8390AD1D639C1FE7529B1E
:106AA0000E335B9EF61D5C98C01D641C7B9AFFE64E
:106AB0002D486844007A132800D31320C0015A9946
:106AC00009181E4868440A2275915F920AF07CFDFD
:106AD0007D9B5C6B996BDA6B03205D900602174817
:106AE000684480960681214E1E64194E5E6402261B
:106AF00076961E65669E5E650523002C00D11346C2
:106B00007D9AD3641A4A00D10A467D998A64642228
:106B100001244C6383928A638BA9FBF77FF87598F5
:106B2000807A032800D3C3E28100124A5258400001
:106B30000821091ABEE2C04602010100C811000086
:106B400078110000481C0000202000005C33010880
:106B50000202010270340108010201003AFBFFFF4A
:106B60005C1C0000FC2A01086C06000004320108CD
:106B700073340108984501085A496944709100200E
:106B800008717D9D6390A86103203B90010289916B
:106B9000FB486844018113245C940222769201260A
:106BA000F8492964F8496964F849A964EE642A65DA
:106BB0006C6564218A916E637596A9638BAC83942E
:106BC0002146F34A9047F3486844659003780D21C5
:106BD00020465B915F9C2246529301F0AFFD204618
:106BE0007099FBF7DBFDE64A6A44899B1381E54B0C
:106BF0002B64E54B6B64A864E9642D9828655C9868
:106C000068656E638A9EAE631046839C2146E04AA7
:106C10009047DB486844899901811B235F93D949D8
:106C20002964D9496964DC49A964759AEA6476994A
:106C300029656B656A63AE632146D54A90476598BE
:106C4000437815212046609C22465C9301F076FD36
:106C500020467099FBF7A2FDC94A6A44899B1381BB
:106C6000C84B2B64C84B6B64A864E9642D982865F5
:106C70005F986865759E6E638A98A8631046839CCA
:106C80002146C34A9047BE48684489990181BD495D
:106C90002964BD496964C149A964EE64769929658E
:106CA000479969656E638A99A9632146B84A9047F6
:106CB00065988678BA486844447A07204C21519AEE
:106CC0006A630B9AAA63E96328647B986864B54891
:106CD000A864AB4868448399FBF70EFC002C6096CF
:106CE00003D101E0AC1100002646839671984F9CB9
:106CF0000019D4307C990901884200D308464A25FE
:106D0000A94ADE32944201DB68436390639E3046B9
:106D10000BF094FC89908798864211D300200521BE
:106D20001E227D9B5B9E5E639A63899ADA63196477
:106D300058649E489864924868448BA9FBF7DCFB32
:106D40008399002923D022207D9C20641E20A063EB
:106D500048B24543FA2128460BF098FD00B2C1170E
:106D6000884301460D31E16361638999814290480E
:106D700000D88C487D9988640846759900D87B991D
:106D800041647F4868448BA9FBF788FA4F9C8A9E30
:106D900030466043874940187C99090170910BF097
:106DA00075FD0546642800D335467F48CB308442C4
:106DB00000DA00257D98632D00D8DCE27E498161F0
:106DC0006F4868446D49694404252A460AF0FCFB73
:106DD0007D98406B00287D98784900D1816B6A4A84
:106DE00000D1C56B032003028A9365486844038180
:106DF00064238993012483947D9E7463B363614B00
:106E000033647264B164F5642D9931654799716595
:106E10008BA9759114465E4DA847594868448A99D4
:106E200001812B2265925749316474646449B164CD
:106E3000839BF36476993165726573638999B16355
:106E4000759C2146A84753486844C37825212046AD
:106E5000619D2A465F9301F071FC484969442846C8
:106E6000FBF79CFC464A6A448A9B1381454B33647A
:106E7000454B7364B064F1642D9830656598706516
:106E8000839870638998B06310462146404A9047C2
:106E90004C4969444C480A4638C838C200881080BA
:106EA0007898406D8007C00E484C2246C2408A70D8
:106EB0004748684442789207D20E2346D3408B71EC
:106EC00082789207D20E2346D3408B72C078800717
:106ED000C00E2246769CC2408A73294868440F221D
:106EE0000AF072FB736BB16BF26B254868448A9DA4
:106EF0000581244D3564244D7564352534656395CD
:106F00007565002B00D114467D9AD464314A7E9E6B
:106F100000D10A467D998A64839A4A63899A8A6372
:106F200075991B4A9047092420467F9948432A496E
:106F3000401870990BF0AAFC092800D320461A4982
:106F40007F9A8A42314601DB30430146234D6D442E
:106F500029717D98224901622046809948431E4943
:106F6000401870990BF092FC092800D320460E4976
:106F7000809A8A4200DA37E2304336E2AC110000F0
:106F8000C81100000432010802020102293401087C
:106F90001D1C0008EC1000002A3401082B340108E5
:106FA0006C060000020101003AFBFFFF0102010034
:106FB00002000100A086010031303025A02A01081E
:106FC0002C3401085C1C000030340108554D44008D
:106FD000501100003F34010828230000B4110000C4
:106FE000563A302F8A98012800D0A3E2204630304C
:106FF000309941567691618F6091218F7F91216BFD
:107000006591417D8A91C17C5F91817C6391817B97
:107010008991047CEB4868440725EB492A460AF02D
:10702000D9FE642C264600D36426632C00D8CFE317
:10703000E44868440722E5490AF0CCFE00F095FEDA
:1070400035207D9E11997163519BB363F163306468
:107050007264DF48B064DF4868448BAC2146154653
:10706000FBF71CF9372000217163B0632399F163AA
:1070700030647564D648B064D64868442146FBF74E
:107080000DF93A98002800D1AAE203200102D14864
:10709000684401811A211122642301247463B363BB
:1070A000CD4B3364CD4B7364CD4BB36401F0AFFA79
:1070B0000421CC4AC7486844809B03814A267D9BB3
:1070C00089945C63839C9C63FB4C1C64F84C5C64FB
:1070D0009A64D96465961E65669959658BA9FAF715
:1070E0009DFD5498FA498166C1667598C068002173
:1070F000399A20290AD00346CB402B40F54CE35C5B
:10710000F54C6C44A354091D521EF2E7B148684483
:10711000F1496944082260920AF056FA7D9E706B2C
:107120006190B06B5C90F06B5B90AA486844809C67
:1071300004810522E5493164DD497164E749B164A0
:107140006392F26476993165159D756589997163CD
:107150008399B1638BA97F91E14A90479D48684428
:107160000481DA4A3264609AD14971644599316583
:1071700075656199002900D15B9A7D99CA64D949E6
:1071800000D15C997D9EB164899971638399B163E3
:107190007F99D34CA04722467598017E6191C07DAE
:1071A00075908C486844809C0481C8493164C0490A
:1071B0007164CD49B1646399F16476993165739DC9
:1071C0007565899971638399B1637F999047814807
:1071D00068440481BD493164B549716404216391F7
:1071E000F16445993165756575990929BF4900D0E4
:1071F000BF497D9CA16489996163839DA5637F9943
:10720000B74A90477348684480990181AF49216427
:10721000A74961640E99E164659921657399616577
:1072200061990029B34900D0B3497D9CA164899933
:107230006163A5637F99AA4A90477098002800D19E
:1072400083E0AE49694400204871A068FBF7E8F983
:107250008A907F915D98E0645E48684480990181DE
:10726000934961649949216433266665769921655D
:10727000A349A16489996163A5638BAD2946984AA6
:107280009047544868448099018116218F4A2264AE
:10729000874A62648A9AA2647F9AE26421657F9633
:1072A0006665899961638399A1638A9529468C4AA9
:1072B000904794496944944875910CC80CC1007872
:1072C000087092486844847A642C254600D3839DD4
:1072D00028465F9E31460BF0B1F94643AB1B7E9AC0
:1072E00010432022092C00D810467599487100D807
:1072F0002B467E9803438B713648684409220AF076
:1073000063F97D9B5C6B996BDA6B32486844809DB6
:1073100005816E4D1D64664D5D64119D1D657F9DEB
:107320005D650823002C00D113467D9AD364784A0A
:107330006B4B3A9C00D10A467D9DAA64899969638A
:107340008399A9638A999847BAE18A98012800D05D
:107350009DE12048684480990181332112227D9D5E
:10736000899B6B63839BAB63584B2B64504B6B6463
:10737000684BAB649CE11348684420220270E8B279
:10738000092800D809E20F4E6E442521F1700A2425
:1073900021460BF053F944437E9908437070281B33
:1073A0000843B0700B486844042231460AF00CF9D7
:1073B00003257D99486B00280846574900D10DE503
:1073C0000DE5C046AC110000093501081035010873
:1073D00002010100C81100005C3301080202010231
:1073E00052340108CC2A01083046A8704B48684442
:1073F0000524294622460AF0E7F87D9E736BB16B9F
:10740000F26B464868448A9D0581304D3564284DAD
:10741000756460253565639D7565002B00D1144644
:107420007D9AD4643E4A6D9D00D10A467D9CA2643B
:10743000839961638999A163759E3146284A904773
:10744000372000216163A0632399E16320647B9866
:1074500060643448A064314868443146FAF71EFF3E
:107460003A98002815D02D4868448A9901811A213C
:107470001122839B6363899BA3630C4B23640C4B96
:1074800063640C4BA364E26421657A9961658BA9FE
:10749000D8E325486844C07A002800D1A4E3411EFF
:1074A0004120890005A25158529A8F465C33010849
:1074B000020201025234010804320108BF830008AD
:1074C0002D750008B5830008BB830008043201084D
:1074D00030303030242E0108481C00007E34010872
:1074E0001D1C00082A2B01088F3401089C2A010862
:1074F000482A01088334010889340108B4110000C6
:10750000BB3401085C1C0000C03401089411000069
:107510004A2B0108A93401080F2F0108C8110000E7
:107520004134010802010100EC1000005C9A069849
:1075300000F045FF7098002800D18FE1B048684402
:107540008090B0490CC90CC009780170AE486844FD
:10755000857A6420642D2C4600D304468A900A263E
:10756000204631460BF06AF84643A31B7E9A10432F
:107570002022092D00D8104680994871669E00D8B7
:1075800023467E9803438B71A048684409220AF081
:107590001BF87D9D6B6BA96BEA6B032004029B4873
:1075A000684404819A4C2C649A4C6C643B9C2C6516
:1075B0006E65002B4E9B00D113467D9AD364964A8C
:1075C000964C00D10A467D9EB264012171638A996E
:1075D000B1638BA9FAF722FB4E99914A8D4D59E17F
:1075E0000320010283918948684401810221042219
:1075F00064238A93012489947463B363894B33644D
:10760000844B7364884BB364F26431657A9D75650D
:107610008BAC2146FAF702FB7C48684483990181D0
:107620002821804A32647B4A7264804AB264099A93
:10763000F26431657565899971638A99B1632146F0
:1076400000F0EAFF00201B90907001201080784825
:107650006844322101878899C18664998186679838
:1076600074490160D078012801D0FFF709F88298A9
:107670009F30714AD06235995163516A81421146F7
:1076800001D90020486255980860FEF7F9FF5F486D
:1076900068448099018133217D9D899A6A63839A28
:1076A000AA635B4A2A645B4A6A64644AAA64669A6B
:1076B000EA64769A2A6569658BA9FAF7AFFA3A9C6B
:1076C000372000216963A8632399E96328647B98C4
:1076D00068645B48A8644D4868448BA9FAF7DEFDEE
:1076E000002C15D049486844809901811A21112243
:1076F000899B6B63839BAB634A4B2B64454B6B64E9
:10770000504BAB64EA6429657A99696500F083FFA0
:107710003E486844809C0481899969638399A96380
:10772000404929643B4969644749A9646399E9640C
:10773000769929657A9E6E658BA98A91FAF76EFA19
:1077400032486844048137492964324969643F49B1
:10775000A9646E99E964459929656E65899969639B
:107760008399A9638A9900F057FF8A98012800D06D
:10777000D7E2032001022548684401810921422201
:107780000423642401257D9E7563B463204C346416
:10779000204C74642E4CFEF72AFF2E4969442520A4
:1077A000C8704A707E9805438D701848684404225A
:1077B00009F00AFF7D99486B00280846264900D148
:1077C000816B144A3B9D01D1FFF70BFBFFF70AFBCE
:1077D000204969442020C870092C00D8BFE20A243F
:1077E000304621460AF02AFF01467E9B1943194A7A
:1077F0006A4411714443301B18435071B5E2C046CE
:107800005C1C0000C034010894110000C811000085
:1078100004320108020201024A2B01081D1C000863
:107820007A2B01085C330108802A010863340108BF
:107830002C06000046003200002C01409434010860
:107840000201010052340108002B0108C93401086B
:10785000B82A0108AC1100000F2F01080320010213
:10786000FA4868440181012132467D9E7163769910
:10787000B163F7493164F74D7564F749B1642B99E9
:10788000F1643B99316572658BA9FAF7C7F969997B
:10789000F24AF34C0320759003028093EB4868444E
:1078A000038101238A937363769BB363E84B33644C
:1078B0007564B264F1643B993165159971658BA962
:1078C0007F91A04730682C46E64D6D442946FAF773
:1078D00009FFDE48684429462A9A09F075FE706B54
:1078E0007090B06B6590F06B6390D8486844809A54
:1078F0000281D74931647464DB49B1647599F164DC
:107900003B993165739D75658A99716314467699C3
:10791000B1637F99D24A9047CC4868440481CC49EE
:107920003164CC497164319931657565709900296C
:107930002A9900D163997D9AD164CC4900D1659987
:107940007D9EB1648A997163769CB4637F99C44AC1
:1079500090477068C64D6D442946FAF7C3FEBB4890
:10796000684429462A9A09F02FFE706B7090B06B1C
:107970006390F06B6590B5486844809A0281332526
:10798000B3493164B3497164BA49B1647599F1641A
:107990003B99316575658A997163B46314467F9923
:1079A000AF4A9047A94868440481A9493164A9496C
:1079B0007164319931657565709900292A9900D1F2
:1079C000659965957D9AD164A84900D163997D9E9A
:1079D000B1648A997163769DB5637F99A04CA04785
:1079E000352011997163519AB263F16330647B98C9
:1079F0007064A148B064954868447F9C2146FAF7BA
:107A00004DFC92486844809901814222904931643A
:107A1000904971649749B1647599F16470923265C7
:107A2000669971658A997163B56321468C4A90475E
:107A300092486844C07A00281FD0914969440020C8
:107A40004871B068FAF7ECFD0546804A6A44809CAC
:107A5000148158207E4B33647E4B7364B564F164AB
:107A600030656698706564208A997163B0638BA9EC
:107A70001046FAF7D3F8254616E074486844809D0E
:107A80000581582104228A9B7363769BB363704BF4
:107A90003364704B73647B4BB364F26431656699F5
:107AA00071658BA9FAF7BAF87598F064674868446D
:107AB00005816749316415997165709931656A4925
:107AC000B1648A9971637699B163624971648BA9D3
:107AD0007F91634A90476C496944002075904871D2
:107AE0008998FAF79DFD594A6A4415815823584CE4
:107AF0003464584C7464344648340BC4159870652B
:107B00008A9C74637698B06310467F99544A904774
:107B10004E486844058105214D4A32644D4A7264DD
:107B20005A4AB264F16470993165739D75657463E6
:107B30007699B1637F994A4A90471498C00711D04B
:107B400054985349C1671299C8B264280446769A7A
:107B500000D31446632800D85EE254984D49C167AB
:107B600000F0B9FC39486844809D058162210422F7
:107B70008A9C7463769BB363354B3364354B736473
:107B8000454BB364F2643165739971658BA9FAF75B
:107B900045F82946769D00F0CAFC00201A909070A6
:107BA000022010803D486844282101873221C18687
:107BB0005099818667983A490160D078012800D0B1
:107BC000F4E382986430374BD862B2215963596A22
:107BD000814279997B9A01D90020586255981860A2
:107BE00014917D98FEF7E9FD184868448A9901814F
:107BF000022104227D9D839B6B63899BAB632A4B8F
:107C00002B64144B6B64294BAB64EA6429657A9E40
:107C10006E658BAC2146FAF701F80C4868448A99E6
:107C200001813221204A2A640A4A6A64204AAA64ED
:107C3000519AEA6429656E65839969638999A96394
:107C40006D9D2146F9F7EAFF00F0E9FCC81100003C
:107C50000432010802020102D8340108E1340108AB
:107C60001D1C0008AC110000F0340108EB340108C1
:107C7000B4110000BB34010802010100941100009E
:107C80005C1C0000102B0108481C0000F3340108A4
:107C90002020202031303025BC2A01082C0600008D
:107CA00032002800002C01405C3301087C2A0108C6
:107CB000463401080A25204629460AF0BFFC302236
:107CC00003461343F64969448B704543601B1043D8
:107CD000C870F44868440524224609F075FC7D9973
:107CE0004B6B886B7590CA6B03200502ED486844A6
:107CF0000581ED4D0D64ED4D4D64092541260E6560
:107D00004D65002B00D114467D9AD464E84A00D119
:107D1000759A7D9B9A64642101225A639963FEF7E8
:107D20006AFCEFF3108072B65E99515C022900D0B4
:107D3000A6E380F3108803200102DA486844018139
:107D4000092141220523642401257D9E7563B463C6
:107D5000D54C3464D54C7464D64CFEF748FCD649F7
:107D6000694408717E9806434E718A98C0078390D3
:107D7000669E11D0CB486844CF4969442A4609F031
:107D800023FC7D98406B0028CC4901D17D98816B04
:107D900004D17D98C56B01E00825C9490320759081
:107DA0000202C04868448092028164247D9ABE4BDE
:107DB0001364BE4B53649164D5643B991165566559
:107DC000012656638A9494638BA9F9F727FFBD4C6B
:107DD0006C44BD4821460CC80CC1008808808999B4
:107DE00048B2C0114140081A8990C5B2632D00D82D
:107DF0000026303666710A26284631460AF01EFCF7
:107E000070964643899A911B7E9A1143E171642DC5
:107E100000D30A388A9D1043A07183980028AB4A8A
:107E20002B9911D09F486844A64969440A2209F059
:107E3000CBFB08217D98406B0028A54A01D17D9895
:107E4000826B01D17D98C16B96486844809B038109
:107E5000012489947D9B5C639D63934C1C64934CCB
:107E60005C649A64D9643B991965159959658BA925
:107E7000F9F7D4FE974D6D44974829460CC80CC1BC
:107E800000780870769A50B2002801DA2D2100E0BF
:107E90002B212971C0114240161AF4B22046769562
:107EA000709D29460AF0CAFB769B4543711B7E9A5A
:107EB00011439971642C00D30A3810435871839888
:107EC00000288A9B899E14D01C46764868448149C4
:107ED0006944092209F078FB08217D98406B00284D
:107EE0007E4A01D17D98826B01D17D98C16B23467A
:107EF00001E009217A4A6B486844809D05817D9C98
:107F00006663A363684B2364684B6364A264E164A3
:107F10003B9E2665739961658BA96191F9F77EFE99
:107F20006048684405816049216460496164332385
:107F30000E99E16426657693636563990029694922
:107F400000D06949839A002A7E9D00D167497D9CB3
:107F5000A164899961638A99A163619E3146F9F7A9
:107F60005DFE352011996163519AA263E16320643B
:107F70007B9860645E48A0644A4868443146FAF7DA
:107F80008DF9474868445B490CC90CC009880180D9
:107F9000869863307F9A824220D9642110460AF085
:107FA0004DFB0A26314670960AF0DEFC29433C4C14
:107FB0006C4461717C98C1007F980AF03FFB3030BF
:107FC00020717F9831460AF0CFFC0E4680B270993E
:107FD0000AF0CAFC7F9A2943A17142E0632A30D992
:107FE0002F4E6E4420203071639694B26421204657
:107FF0000AF024FB284370712046709E31460AF037
:108000001DFB0446C0B231460AF0AEFC7F9A2943FC
:1080100063988171664323E0C8B2092800D851E211
:108020001F4E6E442520F0700A25204629460AF08E
:1080300005FB45437E9908437070601B0843B07090
:1080400049E2092A11D9164C6C442B48A080D0B2C1
:10805000709E31460AF0F2FA7F9A46432843A07197
:10806000961B2E430E486844C6710821002A669C60
:1080700048D083980028214A45D00A4868440849D6
:1080800069440A2209F0A0FA09217D98406B002872
:108090001B4A01D17D98826B35D17D98C16B32E04E
:1080A0005C1C0000C8110000043201080202010239
:1080B0001A34010810340108AC110000173501080A
:1080C0003A2B0108481C0000203501082A35010818
:1080D000522B0108B4110000343501089A2B010815
:1080E0003D3501084C350108523501084635010877
:1080F000020101005835010820200000C22B0108B0
:1081000062350108E24AE3486844809B03814226C5
:108110007D9B899D5D638A9D9D63DF4D1D64DF4D61
:108120005D649A64D9647F961E655C658BA9F9F7D6
:1081300075FD83980028DA4803D05F9808F09CFB0F
:1081400075917E90D34868448099018105227D9C79
:10815000899961638A9DA563CF492164CF49616490
:10816000D049A1646392E2647F992165159E66659A
:108170008BA97091CC4A9047C64868448099018188
:108180006221C54A2264C54A62647E9AA264759AD5
:10819000E26421656665899E6663A563709D2946D4
:1081A000C14A9047BB486844809901810422BA497A
:1081B0002164BA496164BD49A1647E92E2647F99F9
:1081C00021657399616566638A99A1632946B64AF8
:1081D00090478398002823D06098002820D0B44985
:1081E0006944002048716098FAF71AFA03221302D2
:1081F000A84A6A4413817D9DA74E2E64A74C6C64E7
:10820000A864E9642D9828657398686589986863FF
:108210008A98A8638BA91046F9F700FD7E9E18E0A6
:10822000032001029B48684401817D9D899969630F
:108230008A99A963984E2E64984C6C649D49A964F0
:108240007E9EEE642D992965739969658BA9F9F76E
:10825000E5FC032001028F486844809101818999DF
:1082600069638A99A9638C4929646C649249A964F9
:10827000EE647F992965769969658BA9F9F7CEFC3B
:1082800083980028659936D0002934D08B488142E4
:1082900000D38A49864D6D4408462946FAF722FAEA
:1082A0007C4868442946639E324609F08DF97D9CDE
:1082B000636BA16BE26B77486844809D0581764DC6
:1082C0002564764D65642D9D2565769D6565002B3D
:1082D00033468A9C899E00D113467D9AD364784A9E
:1082E00000D10A467D9DAA646E63AC638BA9F9F741
:1082F00095FC7E9E16E067486844809901817D9DCB
:10830000899969638A99A963FC492964F94969646F
:108310006849A964EE642D992965769969658BA9E8
:10832000F9F77CFC372000216963A8632399E9638E
:1083300028647B986864F248A864FD4868448BA967
:108340008391F9F7ABFFFA486844809C0481EA49BD
:108350002964E8496964F249A964EE643B99296596
:108360007A9E6E65899969638A99A9638399F9F7F9
:1083700055FCEF48684404812021DF4A2A64DD4A25
:108380006A64E94AAA64529AEA6429656E65899921
:1083900069638A99A96383993EE18499C831E34866
:1083A0006844502206F0E8FAFEF7FEF97998149036
:1083B000FEF701FA609A079801E052205F9ADE4CBE
:1083C0006C443A21617120712020E0705D99A170A8
:1083D0005221617007992170110600D0659851B241
:1083E000002900D52D20A071C8114240161AF0B204
:1083F0000A2529460AF022F945433030E071701B06
:10840000302101432172CA4868440922214609F0FB
:10841000DBF87D9D6C6BA96BEA6BC54868448A9B51
:108420000381B54B2B64B34B6B6402232B657A9BA2
:108430006B650423002C00D113467D9AD364B34AA4
:1084400000D10A467D9DAA64839C6C63899EAE63BD
:108450008BA98091F9F7E2FBB54868448A990181BC
:108460003221A54A2A64A34A6A64A94AAA64519A95
:10847000EA6429657A9969656C63AE638099CBE09B
:108480000599515C002900D1FAE080F3108802E1DF
:10849000C22B0108C81100000432010802020102C7
:1084A0006B3501086E3501081D1C0008C02A010843
:1084B000C0110000102B0108582A01089F860100F6
:1084C000EB3401089B4868442521C170202141708C
:1084D0007E990C4384709648684496496944042404
:1084E000224609F071F87D994B6B886B8990CA6BB5
:1084F0008F486844809D0581804D0D647D4D4D649D
:1085000062260E65739D4D65002B00D114467D9A41
:10851000D464814A8A9C00D1899A7D9EB264642188
:108520007463B1638BA9F9F779FB769D80998048D4
:108530006844018104237463B563704931646D49F3
:1085400071647649B1648993F36470993165659972
:1085500071658BA9F9F762FB539882B2109881B2CA
:1085600091421CD073496944759D4D71FAF758F8D2
:108570006F4A6A44809B1381604B33645D4B736424
:10858000B064F1642D983065659870657463769871
:10859000B0638BA91046F9F741FB899C15E064484C
:1085A0006844809901817463B563544931645149C9
:1085B00071645849B164899CF4642D993165659959
:1085C00071658BA9F9F72AFB759D37207563B06338
:1085D0002399F16330647B9870644948B0645448CF
:1085E00068448BA9F9F75AFE3A9800281CD05048E5
:1085F0006844809901811A218A9A7263769AB263DB
:108600003D4A32643B4A72643F4AB264309AF26433
:1086100031657A9971658BA9F9F700FB6D9D2498F6
:10862000401C2490FDF7C7FF414868442346809CC6
:1086300004818A9971637699B1632F4931642D4918
:1086400071643749B164F3643B9931657A9D75650E
:108650008BA98991F9F7E2FA3548684404812649E3
:108660003164244971642F49B1643099F16483996C
:10867000316575658A9971637699B1638999CBE79C
:108680005169002901D1FFF754FB80F31088481C81
:1086900001D1FFF750FB0320010225486844018106
:1086A000092141220523642401257D9E7563B4635D
:1086B000124C34640F4C7464124CFDF798FF032085
:1086C00002213A9A09F03CF8022011461A4609F0B4
:1086D00037F80020082209F033F84021304609F02D
:1086E00037F81146324609F02BF830463A9909F02E
:1086F0002FF8C046020201025C330108043201086F
:10870000020101001534010852340108602A0108F1
:1087100046340108102B0108BC2A0108B02A0108C0
:10872000D02A0108F8340108733501082C0600002E
:10873000C81100005C1C0000481C0000F0B503AF2D
:108740008BB0019303920D46014604902F4C0A947E
:1087500001260996072008904C20079006950C20CA
:10876000059005A8F9F7C8FE0A940996681C0290BE
:108770000890322407940695059405A80499F9F702
:108780008DFD22480A9000960996A81D089007942E
:10879000681D06900594049C05A82146F9F77EFD06
:1087A0000199080615D00098099018480A90281DCC
:1087B0000890A81C069049B22320484319210AF0CA
:1087C00065F8323000B20790059005A82146F9F708
:1087D00065FD0F480A9000200990052008900320AD
:1087E000079002980690039800B247214143094838
:1087F00008187D2109010AF049F80D30059005A8F7
:108800002146F9F779FE0BB0F0BDC0460201010028
:108810000102010040190100F8B504AF994219D1D5
:10882000002919D016783546413D202400230093B5
:108830001A2D254600D3009D354303781E46413E40
:108840001A2E00D3009C1C43521C491E401CAC42F3
:10885000E6D003E0002000E0012000900098F8BD81
:10886000F0B503AF8BB0002201920A9208900690F7
:1088700007914318099306A908310491029006460E
:108880001C460498F9F7F4F8099D089A012811D1BB
:10889000701905951546A218101A0A9E84190A9493
:1088A000084608F003FB2A46059D002810462B4683
:1088B000E5D101E0019E34460496019416460392E8
:1088C000AE4236D02C460020C0432856002801D4A2
:1088D000651E25E0A11E0D460B785AB23F21CE43FE
:1088E000B2420FDAE31E1D461B7805935BB2B3421A
:1088F0000CDA1E460E40231F1D461B785B07DB0D5E
:108900009B1906E01F221340039E06E00F26059BDD
:108910003340039E0A409B019B18084099010818A8
:1089200008F0C4FA0028CBD1A01B0A994118049D75
:1089300001E0049D019902984019491B0BB0F0BD5C
:10894000D0B502AF0B7AFF2B02D01CC91CC0D0BD22
:10895000104608F00AFF80B500AFC3B20222022B16
:10896000134600D3831EDBB2002B05D0012B0A4631
:1089700002D0012108400246104680BDD0B502AFAA
:108980000C4600F027F80168054A0A408904890F5F
:108990006140C9B209031143024A0A430260D0BDD3
:1089A0000F0FFFFF80800000D0B502AF0C4600F033
:1089B00011F80168054A0A4030230B402101594053
:1089C000C9B25118024A0A430260D0BD0F0FFFFF1F
:1089D0008080000080B500AFC0B2082803D28000BC
:1089E0000249401880BD082108F0B2FE005C00403A
:1089F00080B500AFFFF7EEFF006880BDF0B503AFB4
:108A000089B00246A43291680492D2680392521A45
:108A1000868B9642334600D3134605915918A422FB
:108A200085580246243280240694002D00D02A4620
:108A300002D0049C6568069599422AD3069CA142FF
:108A400027D80296019001461831059D521907AEAC
:108A5000304606F053F83078012802D107A8407854
:108A600015E0089AA91814D20698814211D8049CDE
:108A7000A160FF20039B994209D300212160029944
:108A80008A4201D0032100E00221019A118009B03D
:108A9000F0BD0598069A08F053FED0B502AFAC239E
:108AA0000024C4500123038089B2914200D31146AF
:108AB0000246AC325160FFF7A1FFD0BD80B500AFD8
:108AC00001880D220A40042A03D100F004F8FF2097
:108AD00080BD072080BDB0B502AF044609202080CC
:108AE00020460C3005F078FFA17C01252A4608F0CD
:108AF00072FA2046183005F06FFFA17F2A4608F071
:108B00006AFAB0BD80B500AF0548001D06F098FABE
:108B10000278531C03700868401C0860104680BD32
:108B200030070020F8B504AF05460088042813D1AB
:108B300014460E46E88800902946243180222046BB
:108B400008F00DFA3246234608F07BFC28460099CF
:108B50002246FFF7A2FFF8BD0720F8BDF0B503AF2E
:108B6000A7B00A9105465120C20027488458EFF368
:108B7000108672B6254B5868C10410950B9208D424
:108B800041050ED4010510D4000400D503E10020F6
:108B90000EE01F48586018680821884318600420B8
:108BA00006E01C485860012002E01B485860032082
:108BB00086F31088F44A1449895C03291AD10026E7
:108BC000002800D17AE0032800D177E0EFF310818C
:108BD00072B60E4E32680C239A43326081F31088CD
:108BE000EF4A094EB15CFF2900D17DE3FF23B35466
:108BF000E84AB1540026C0467844007940008744D2
:108C00005D0D7C4C5D00C0462C030020405C0040A4
:108C1000FFEF0000FFFB0000FFF70000E4480B99A6
:108C20004658EFF31080119072B6E24A5068002562
:108C30005560D068802101437F208143D160129626
:108C4000E02D3ED07419207EFF2824D0022801D8C0
:108C5000012000E0C01EC0B2D749085C8007460D65
:108C6000A07EFFF7B7FE0168D44A11407118A27EBA
:108C70000F231340C9180160129E7159002900D0BA
:108C80000321A07EFFF77AFEE068411E8841410083
:108C9000A07EFFF789FE1C35D2E7EFF3108072B695
:108CA000C44B196808220A431A6080F31088C04A2E
:108CB000B84BD05CBD4950540320D054304627B047
:108CC000F0BD119880F31088292000010026B849D2
:108CD0000E54A32080000E54FF200002AD4A88529B
:108CE0000E800A98C400109D002CE7D003CD89693E
:108CF000083D8847083C0835F6E70E9A22430C9851
:108D000002430121D0070F94099100D1F7E10D92A0
:108D1000E00700D08AE00C98C00700D126E1A44803
:108D20000088411E032900D2D6E0052800D1D3E0F7
:108D3000072800D0ECE0AC209D4D11902B58EC7A28
:108D4000E8881290A878069068790590E8780490F1
:108D50002879039028890290A87A01902946243125
:108D6000802208931846079108F00DF902460B4639
:108D700029460C311EAE304605F082FF30780028BF
:108D800000D1DEE01EA84078002800D1E8E0884845
:108D9000FFF7A1FEE4E00996E4202158082900D35A
:108DA00056E322460123D8020D90D80311901C24CB
:108DB0004C431C341A3200200E900F900C90002C63
:108DC00030D012941C4616461078FFF711FE119908
:108DD000084203D10F9D324623460CE001460D9A0E
:108DE00011402346254600D10D460F990D430C999D
:108DF00019430C91324600060DD51078FFF7EAFDB5
:108E00002346324601686E4C2140119C214301608B
:108E10000E9818430E90129C1C3C1C325B000F9560
:108E2000109DCCE702200F9C099EC1E6604E3146A2
:108E30000C3124361EAC802320463246129305F0B6
:108E40001FFF2078012800D190E01F9C304621466A
:108E500008F01AFA002130461191224608F005FA6E
:108E6000082900D082E0129E017909044279120695
:108E700052188178C3781B025B1801781F240C40BC
:108E8000042C00D304249A18089222044B069B0F4A
:108E90001B06D2180E4031024378C918511812919E
:108EA0008179C0790002441805F0A2FD002E24D17A
:108EB000089B002C3CD0802C58D8B0203C490C504A
:108EC000AC20119E0E504B8012988860CC800720F9
:108ED0000880180C888049E035490C311EAE01220B
:108EE00000233046129305F0CBFE307800283DD1A8
:108EF0002F4812990180FF2436E02D49089A4A80B4
:108F0000129B8B60CC8004200880100C88808FE03E
:108F100027490C311EAE012200233046129305F082
:108F2000AFFE3078002821D12148FFF7D4FDE2E7D9
:108F3000B0201F49119C0C50062008801A46129B35
:108F400076E01F9E08997218079808F08EF911991B
:108F5000685880196850B0216958884200D327E1C9
:108F600000201290FF24109DFE2C58D90E98C007A7
:108F700000D1C0E00E480088401E072800D9BAE0A2
:108F800002A1085C400087448E020000071D0DB658
:108F9000B6B6B62E8E0200000548FFF72FFDAAE0F8
:108FA0008F02000005F024FD052019E08F0200006B
:108FB0002C030020405C0040082B01080008FFFF44
:108FC0000F0FFFFFC14918311EAD012200232846B3
:108FD00005F094FD2878109D002800D08BE0032038
:108FE000BA49088087E00020B84A10802921090189
:108FF000525C002A00D17EE07F231A40EFF31084F8
:1090000072B6B34EF5689D43AA18109DF26084F3C2
:1090100010880122AD4BAF4C1A5558546BE0DAB2B0
:1090200009028A18FF210906884321060B18129CA1
:10903000180AC0B200281AD080285CD113A8C380B7
:109040008480190C018113920A98C4009F4E002C51
:1090500026D003CD4B6A13AA3146083D9847308885
:109060000D210140083C08350429F0D042E01EA83B
:10907000C3808480190C01811E920A98C400934E0B
:10908000002C2CD003CD0B6A1EAA3146083D984710
:1090900030880D210140083C083504292AD1EFE72A
:1090A00013A8407A00281ED113A98879097A0029CB
:1090B00000D1E8E0012900D1A7E0022913D100285E
:1090C00011D1824C0B98205813A94A888F21114046
:1090D00007F064FF1EA9088002222046C1E11EA8F5
:1090E000407A002877D0794800880D210140042972
:1090F00000D1E6E0109D78480D9A02400F9C1004C4
:1091000049D00A98C0000B90022011900123102B27
:1091100041D012930D921198204000040B9E17D15C
:1091200011980C990840000414D00B9C109D002C41
:1091300010D003CDCA6A1299083D9047083C083503
:10914000F5E703CD8A6A1299083D9047083E083535
:10915000002EF6D111980E99084000040FD07F2000
:10916000C643129806430B9C109D002C07D003CDDC
:109170000A6B3146083D9047083C0835F5E7129BDD
:109180005B1C0D9A11998A43100449001191002823
:10919000109D0F9CBBD10A98C400099E002C00D1E1
:1091A0008CE503CDC969083D8847083C0835F5E7DB
:1091B00006202880FE2C109D069B00D1D6E6019843
:1091C00000040299081803990902049A8918059A5B
:1091D00012048918C8E61EA90E888879097A002920
:1091E00062D0012932D002296BD1012800D182E05E
:1091F000032866D1002E64D1344C0B9820581EA948
:109200004A888F211140099A7FE000286ED00A28F1
:1092100000D068E713A84688FF2E52D80A98C400E9
:10922000109D002C00D117E103CD4A6B3146083D5B
:109230009047C007083C08350028F2D01EAB1970D3
:10924000224801221946FFF76DFC53E70B2838D15D
:109250001EA840881290FF2833D8FF2E31D80A98D4
:10926000C400109D002C00D10FE103CD8B6B12992F
:109270003246083D9847083C08350028F2D013488C
:1092800005F082FE36E7002800D1BBE0062840D07A
:10929000082800D027E70D480E49415C891E4A4244
:1092A0004A411EA90A70DBE0401E082809D8C046C2
:1092B00078440079400087441104BC04B2040404DB
:1092C000C4000248FFF7FAFB14E7C0462C03002055
:1092D000405C00408E020000FEFF0000012EF0D135
:1092E000A32082000021AAE008F03BFA1EA900207A
:1092F0000880EE4891E0002EE3D1EC4C0B9820580A
:109300001EA94A888F211140002207F064FE2046E2
:10931000B4E013A801880E46090A012900D102E130
:10932000022900D1B8E0032900D1D9E00F2900D0EB
:10933000AEE0DF48FE49085A01214A02904200D1BE
:10934000A6E0FB480088042800D0D3E6F84BD88874
:1093500012901EA8002505772495802223921A4694
:109360002432229220951E9504221792169118906D
:109370000F21F04A032308F06BFCC043000600D025
:10938000B8E62399052900D270E222980179491C98
:1093900001712498C41D23998C4200D9AAE6884201
:1093A00000D364E2229907220A54421C23998A427C
:1093B00000D35EE2229910238B54821C23998A42A7
:1093C00000D356E2229902238B54239B229AC01C7D
:1093D000214608F022FCD84A042308F02BFC2494F0
:1093E0000A98C400109E002C00D128E203CE0A691E
:1093F00016A9083E9047C0430006083C08360028DE
:10940000F1D077E6CD49CA48435CA3218900415C8D
:109410004900CAB21A431EA90A80022221E0701E26
:1094200080B27F2800D34CE729200101C048465470
:1094300024E0012E00D044E7A32082000121BC4893
:109440001BE0002E10D0012E00D03AE7022112E0DE
:109450000020082208F074F91EA900200870B44802
:109460000122FFF75FFB0BE0B148B549405C0028E3
:1094700000D1C5E00121AE48B14A815405F084FD18
:10948000C043000600D12EE634E6002E00D1B7E03E
:10949000F948FFF713FBF3E7F7480088042800D0EA
:1094A00028E6F748F44D295CE88812901EA8017759
:1094B0000024249480212391294624312291209450
:1094C00004211F9101211E91A1229200AB5C16AADA
:1094D0009371EC4BEB5C002B00D0EBE07F23EAE0D8
:1094E000310600D18EE040881290F1B2042900D3F9
:1094F000C9E09D208000E04B18581C2242431846CA
:109500009830129C002AC3D01C3A838E1C30A34290
:10951000F8D1032900D107E10246022900D111E167
:109520001032142110E1D4480088042800D0E1E56D
:10953000D149C88805901EA8002303772493802072
:10954000239008462430229020931E93CF48085A37
:109550001290CF48085C0B90CE48085C0890CE482B
:10956000085C0790CD48085A11909F2080000C5A43
:109570004F20C0000E5A0520C001085C06909D20B7
:109580008000085800281D4618460ED0C420BA4A4C
:109590001558681E8541BC201158481E8141B420D1
:1095A0001058002800D003204B0016AA0121D173C7
:1095B0009073537315739472129B137296710B9878
:1095C0005071089810710798D0700698907002201A
:1095D000507011981070200AD072180A5072300A18
:1095E000D0711EA8102308F033FBC043000600D042
:1095F00080E5249A812A00D31DE19F4805992DE139
:109600009D483BE716A8202108F095FB9D2080008F
:10961000994908581028014600D310214900964A5C
:10962000CC320023994208D0148816ADEC54ED18C2
:10963000240A6C709B1C1C32F4E78F4909880429AA
:1096400000D057E58C4BDC881EA900220A772492B3
:109650008021239119462431229120921E924300A9
:10966000212B00D3FDE01EA8032116AA08F0F0FA72
:10967000C043000600D03DE5249A7F48812A00D3EC
:10968000DAE02146EAE00A98C400109D002C00D1DF
:10969000FEE603CD4B693146129A083D9847083CD7
:1096A000083511900028F1D054E0C0462C0300206A
:1096B0007E0200003F23DB43734D6F4E755D6D01ED
:1096C0001D4355711471D17094705470147002213F
:1096D000072308F0BDFAC043000600D00AE50A9847
:1096E000C500109E002D0CD003CECA681EA9083EEE
:1096F0009047C043000600D0FCE42094083D0836A3
:10970000F0E722AC1CCC02260421304608F085FA92
:1097100016AA1480334608F08DFA249A812A00D3C1
:1097200089E05548129999E0042102460CE0C046B0
:109730002C03002086450108502A01088D020000F4
:109740008E02000008320C2112681192002A00D10A
:109750009EE6415848480088042800D0CAE4032007
:109760000002454A9084119840180890D0880790CC
:10977000022500240B94002C02D00B9812902CE0B0
:1097800011980899884251D00021119812914056A1
:10979000C4B2002802D41198401C1DE011984278F0
:1097A0003F210A401F202040E02C11D3119B9B78C1
:1097B0000B409201D218F02C22D3119EF3780B406B
:1097C0009101C9184007C00A0C18361D11961CE0FB
:1097D000800184181198801C11907F2D00D989E494
:1097E000AE1C254A243280232846314608F015FA5B
:1097F0001EAA1480022308F01DFA129C3546BAE70F
:10980000000314181198C01C1190200CE5D02046BC
:109810001A4908403721890240181290FF2000049D
:109820002018800A1B21CC020443D6E724201249C9
:109830000D54812D0FD31048FFF74DF95AE41695BA
:109840001898044610341CCC02260421304608F037
:10985000E4F926AA5DE7084807992A46FFF71DF9AB
:109860000EE600202022194607F06AFF042007F0C8
:109870006FFF104607F06CFF2C030020FF03000071
:109880008702000085020000860200007A020000C4
:109890008302000082020000810200007E020000BC
:1098A000F0B503AFC9B013931491037FD104C90E6F
:1098B000129004D1002B02D00023037701E0002B8B
:1098C00003D1018A15468D4300E0002510307969E7
:1098D00010910280012460021646064071427141D7
:1098E00019432840400A0D902002AEB2360A0C9669
:1098F000D2051ED5002B1CD1129EB28A1432374BD2
:109900009A4200D31A46B28203462B339A420BD9AD
:10991000F28A1432314B9A4200D31A46F282462A16
:1099200002D30022F2820C9400290AD00020708217
:109930001EE00022129EB282002902D0F2827282C0
:1099400016E0718A1431F24A914200D311467182B5
:109950002B3081420CD9F08A1430ED49884200D373
:109960000846F082462803D30020F08201200D90A3
:1099700010983D300690139840300A90386908904E
:10998000F8680790B86809900124A102149808F0BB
:1099900021FF119424032C40DE4B194698392940AD
:1099A0007D200F90C0000E90183028400B90307E24
:1099B000D94D4000784480884000874479241100C4
:1099C000830095005600BF00FA00AD001201770039
:1099D00006014D006B00ED0044008C00FFFF00000D
:1099E0000F242E94CD482D902C94CD482B902A9462
:1099F000CC48299013202890CB48279011202690FE
:109A0000CA4A25920E252495C94A23920D262296EC
:109A1000C84A21922094C84A1F921E96C74A1D9296
:109A20000C231C93C64A1B921A90C648199018958D
:109A3000C54817901694C5481590002900D1E3E356
:109A4000002012992FE0002900D1F4E0129A119B16
:109A5000137708200B21A7E0002900D11AE101208B
:109A6000129B187705210822B7E0129E727E139888
:109A7000047A002900D132E1002A01D100F074FCFF
:109A800000207076F0680A90022800D27EE1022061
:109A90000A907BE1002900D18EE112991198087794
:109AA000022008600B20087600F07BFC002900D122
:109AB0005DE2139806F04AFD0120129B1877002101
:109AC00006228AE0002900D16AE20120129A10776A
:109AD000002111609FE0002900D177E2129A119BCA
:109AE000137709200C215FE0139A107A0A901298DC
:109AF000407E002800D182E0002901D100F01EFD47
:109B0000002012994876104606F020FD109804F0C7
:109B100029FF8F4C04F09DF9129DAE68072E00D3EB
:109B20000726687E139A127A002900D1FFE20028E6
:109B300001D100F021FC002068764FE3139A107ADF
:109B4000142801D304F0CBFBC00110188030119011
:109B5000C67D092E0896059400D0052602253046BC
:109B600028430A90129A507E0028149C55D0106801
:109B7000801E00D20020741E8442139D00D3044630
:109B8000002901D100F03AFE0020129948762846BB
:109B900006F0DCFC00F005FC002900D14FE3129A2E
:109BA000119B13770620092111605060137600F095
:109BB000F8FB002900D170E3139806F0C7FC0120E0
:109BC000129B18770021042207E0002900D17EE3D0
:109BD0000120129B1877042107221A605960187619
:109BE000DFE3129E707E139C227A0A92002900D134
:109BF00084E3002800D1CAE300207076A2E30029A4
:109C000001D100F0ADFC104606F0A0FC0120129A34
:109C100010770021106051600BE0002901D100F0A5
:109C20001FFE139806F092FC0120129A1077032170
:109C300011601076B5E32C460D980C990843C007C7
:109C4000129D119E08D0A86841424141A9601E2280
:109C50001098194604F090FEA96803200B900202A8
:109C600015A80E9202811994394A189209221D9260
:109C700018220A921C9264220F92169215960C22B8
:109C80000D230029149C00D01A461B9200D18DE3AD
:109C900030498CE31399087A1428129E01D304F0FA
:109CA0001EFB0F90C0010D182C46F234F220285CE8
:109CB0008035002801D100F073FE0B98002801D1F7
:109CC00001F0D2F83068022801D001F0C4F8002079
:109CD000306070600C20307606F0CEF861E3F068FA
:109CE00002280A9001D302210A91002A4ED031683D
:109CF0000529149D01D902F0DDFE490079448988C7
:109D000049008F442900E10FBD0FCF0FB40FF00FB2
:109D1000FFFF00009808000002020102343601082B
:109D2000253601081636010803360108F235010808
:109D3000E4350108D7350108C8350108BB350108ED
:109D4000AF3501089E3501089035010881350108BD
:109D5000043201088E3E01080D98002801D102F05E
:109D600074FE142C01D304F0CEFAE0010E94139982
:109D70000C189625605D401CC0B2052108F0F4FD6A
:109D800061550E9C149DF94B02F08FFE149D0C98AA
:109D9000C00701D100F02CFE3068411C062901D318
:109DA00000F01DFE31607268121D914201D200F078
:109DB00019FE801E00F015FE11984002EC490A5C65
:109DC000022A129D01D200F06AFD901E022801D3E2
:109DD00001F024F80320060215A80681E549189130
:109DE00009211D911E211C910B251B95E2491A91F9
:109DF00064211391169101241594E0491991149945
:109E00000D92F7F70BFFDE481A90199418957F20F2
:109E100010901790169500200F90159015A8149D7E
:109E20002946F8F73BFA15A812960681D34A1992EB
:109E3000D04918911A2111911D9104210E911C9164
:109E400015211B91CF491A91139916912646159405
:109E50002C4615462146F7F7E1FE0D98032867D1F9
:109E60000D96C948C249085C0C9040AE12252022CC
:109E70003046294608F092FB0624204631462A4601
:109E800007F06DF8C14A234607F0DBFA0A250C9C5F
:109E90002046294608F0D2FB29464143611A302466
:109EA0000C942143F171294608F05EFD2143B17104
:109EB00008210C22304607F020FAB54A0E9B07F025
:109EC000C0FAFF204000AA49085C0B90294608F020
:109ED000B5FB0446294608F047FD0C9A114331733F
:109EE0006C430B98001B1043707315A80E2231466B
:109EF00007F06AFB1699179A159B15A8129C048106
:109F00009E4C1994A34C189426241D940E9C1C94CA
:109F1000002B00D115461B950D9E00D09E49149C28
:109F2000964D139A1A91169215962146F7F776FEDA
:109F30001996342018901099179116900F98159033
:109F40008F481A9015A82146F8F7A8F915A8129974
:109F5000018119958F4918913E211D9102211C9173
:109F600011991B918D491A91139901F0B0FC139826
:109F7000007A0A900C98C007129D01D100F096FD5E
:109F80002868411C0E2901D300F086FD29606A680B
:109F9000121D914201D200F082FD801E00F07EFD74
:109FA0000C98C007129E01D100F0B6FD3068411C2C
:109FB000142901D300F0A6FD31607268121D914290
:109FC00001D200F0A2FD801E00F09EFD03200102E0
:109FD000129115A801816749189109211D910A2143
:109FE0000F911C9112210C911B916D491A916421C2
:109FF00013911691119E159619956A4A149C214643
:10A0000090475F481A9019962E460B210B91189194
:10A010007F200E901790169100200D90159015A896
:10A020002146F8F73BF915A8129D0581199651496B
:10A03000189115241D94042110911C911B915A49CB
:10A040001A9113991691119E15961499554A904795
:10A0500015A80581494D1995464918911D9424214B
:10A060001C910B991B9151491A91139C16941596AA
:10A0700014994C4EB047324615A8129E0681199588
:10A080003C4918911E211D91109D1C9511211B9179
:10A0900047491A911694119C15941499904715A844
:10A0A0000681364919913349189127211D911C9534
:10A0B0000C991B913F491A91139916911594149D6F
:10A0C0002946384A904715A806812C4919912949F3
:10A0D000189130211D9110991C9113211B91364923
:10A0E0001A9113991691159429462E4EB04724487B
:10A0F0001A901994342018900E99179116900D9873
:10A10000159015A82946F8F7C9F815A812990181E4
:10A110001A491991174918913E211D9126211C9128
:10A120000F991B9125491A91139900F033FC0028CF
:10A1300054D00A92142A01D304F0C0F828680528E4
:10A1400001D901F031FE062171430A9AD201139B15
:10A150009A185418C03440007844808840008744DE
:10A160002F00050EED0DF90DE00D120E9808000000
:10A17000FC08002004320108353D010802020102FA
:10A1800002010100873D0108010200009C3D010819
:10A19000902A01085C330108A23D0108AC3D01088A
:10A1A000383F01081D1C00080C2B0108194201084A
:10A1B0004A3F01085B3F01086D3F0108803F0108ED
:10A1C0000D98002801D102F022FE2078401CC0B278
:10A1D0000F2108F0C9FB217001F0E1FD0C98C007C8
:10A1E0000A9201D100F01AFC2868411C062901D30B
:10A1F00000F00AFC29606A68121D914201D200F049
:10A2000006FC801E00F002FC0F960C98C0072E463C
:10A210001D46FE4B01D100F0B5FC129A1068411C9E
:10A220000D2901D300F0A5FC11605268121D914266
:10A2300001D200F0A1FC801E129A00F09CFC2E4678
:10A240000D980C990843C007129D08D0A868414298
:10A250004141A9601E221098194604F08DFBA9689F
:10A2600003200790020215A80C9202811996EE4A6B
:10A27000189209221D9214221C9264220D921692A9
:10A28000119A15920E220F230029149C00D01A4611
:10A290001B9200D17DE1E5497CE11398007A0A9098
:10A2A0000C98C007149D129E01D100F089FC306803
:10A2B000411C092901D300F077FC31607268121D3E
:10A2C000914201D200F073FC801E00F06FFC0C98EC
:10A2D000C007129E099C01D100F08FFC3068411C20
:10A2E000092901D300F07FFC31607268121D914290
:10A2F00001D200F07BFC801E00F077FC002821D00A
:10A300000A98142801D303F0D9FF35680A2D01D328
:10A3100003F0F5FF0A98C0012418B434605D0D996C
:10A32000002901D100F08BFC401CC0B20B2108F0C9
:10A330001BFBBC4B615514221098194604F01CFB02
:10A3400000F087FC0C98C007149C00D17EE33068B5
:10A35000411C0A2900D370E331607268121D9142DA
:10A3600000D26DE3801E6AE3139806F0EFF8012037
:10A3700030770021022211E001202877062028767C
:10A38000701C2860C01E00D20020686009E02046D2
:10A3900006F0DCF801203077002105223260716080
:10A3A0003076109804F0DEFA03F082FFA0491A918B
:10A3B0002146F7F733FC9F481A9019960B20189006
:10A3C0007F2109911791169000200C90159015A8E7
:10A3D0002146F7F763FFA868062113913022282150
:10A3E000002800D00A4601D0934900E09349129119
:10A3F00000D1139013984000079908181090112568
:10A40000002A7BD00D9215A80E9901818C491891D4
:10A410001D9502211C910F99169115968949199144
:10A42000129A06CA1B921A912146F7F7F7FB139866
:10A430000B2801D303F046FF304610990E887D4962
:10A440001A9119900520189028201790281F16900F
:10A450002C20159015A82146F8F74EF87A48864228
:10A46000344600D3784C6C2E13D30C9819900B986B
:10A4700018902D20159075481A90E81E16902620E9
:10A480006043714908F0DAF8179015A81499F8F7A5
:10A4900033F812980830129040AE2046314605F04D
:10A4A0001DFD15A804243146224607F08DF81699A3
:10A4B000179A159B15A80E9E0681624E1996604E3E
:10A4C00018965A261C96002B00D114461B94604AFD
:10A4D000119E00D10A461A920F99169115961D9554
:10A4E000149C2146F7F79AFB1098801C1090139843
:10A4F000401C13900D9A083AED1D81E719963720FC
:10A5000018900999179116900C98159049481A902F
:10A5100015A82146F7F7C2FE15A80E9901814949F1
:10A520001991474918913E211D9102211C910A99C8
:10A530001B9148491A910F9901F0C9F9002C3A4C26
:10A5400000D0F9E20B980028129901D101F098FA95
:10A55000C868401C0A2801D301F012FBC860F2E26F
:10A5600005940C98C007304C01D101F00AFA129AF8
:10A570001068411C052901D301F0F9F911605268F6
:10A58000121D914201D201F0F5F9801E129A01F0DC
:10A59000F0F931491A912146F7F740FB25481A9006
:10A5A000119819900B2018907F2106911791169001
:10A5B00000200990159015A82146F7F76FFEA868AE
:10A5C0000521229120911E911C911A9118910A91B6
:10A5D000169107211391002801D0204900E020495D
:10A5E0003546089A2191119E01D01E4900E01E496E
:10A5F0001F9101D01D4900E01D491D9101D01D4949
:10A6000000E01D491B9103D01C4902E0980800009E
:10A610001B49199101D01B4900E01B49179137D004
:10A620001A4936E09808000004320108153E010876
:10A63000823E010802010100103F0108C03E0108EE
:10A640005C33010802020102FF0F00000102010059
:10A65000EC2A01086A3E0108073E0108653E010830
:10A66000423E0108603E01083D3E01085B3E010894
:10A67000383E0108563E0108333E0108513E0108AC
:10A680002E3E01084C3E0108293E0108473E0108C4
:10A69000F649159100D113901398400010181290AC
:10A6A00015A80B9011223B2A00D185E040A80C99F7
:10A6B0000181F84943914892022147910D994191B6
:10A6C000409644950B9D296816466A6846924591C6
:10A6D000149C2146F7F7A2FA13980E28119801D37B
:10A6E00003F0F2FD12990A88F949459144900A98BD
:10A6F0004390282042901096301F164641902C20FF
:10A70000409040A82146F7F7F7FE0E998E4200D8F8
:10A710000E460F980001864200D30646262070435D
:10A72000EC4A801880B2884213D309994491079962
:10A7300043912D214091E84945911099C91E4191BD
:10A740000F99C90007F07AFF429040A82146F7F719
:10A75000D3FE08350B953AAD3046294605F0BEFBD1
:10A7600040A804242946224606F02EFF4199429A29
:10A77000409B40A80C9D0581D84D4495D34D4395F1
:10A780005A254795002B00D114464694D44A119E71
:10A7900000D10A4645920D9941914096109C4894EB
:10A7A0001499F7F73BFA1298801C12901398401CEA
:10A7B0001390A21DC94D76E7449637204390069921
:10A7C0004291419009984090C148459040A8149CFE
:10A7D0002146F7F763FD40A80C9901814495BB49D8
:10A7E00043913E2148910221479118214691BD494C
:10A7F00045910D994191409603F057FD0D98002821
:10A800000CD011981930015D642901D2491C015501
:10A8100014221098194604F0AFF8B34B0C98C007F7
:10A820000BD011981930015D002901D0491E015546
:10A8300014221098194604F09FF806960B980028E9
:10A8400001D101F083F8129E3068401C0A998842B9
:10A85000149C01D201F087F80020707601F084F892
:10A860000C98C00706960CD0129E3068401C0A99BE
:10A8700008F07AF83160069E142210989A4904F084
:10A880007BF80D98002801D101F096F81298006825
:10A89000002801D101F087F8401E01F085F80B98DF
:10A8A000002804D005F0E8FA109804F05BF80320C3
:10A8B0000102129115A801818C49189109211D915D
:10A8C0001E211C910B241B9489491A91642111911A
:10A8D000169101261596139680491991854A149D63
:10A8E000294690477A481A90199618947F2010901C
:10A8F0001790169400200F90159015A82946F7F789
:10A90000CDFC15A8129E06817449199177491891BA
:10A910001A211D9104241C9417210E911B91764934
:10A920001A91119D1695139915911499714A904792
:10A9300015A80681694919916449189126211D912C
:10A940001C9419211B916D491A911695139C15940D
:10A95000149D2946674EB0475D481A9019943420DB
:10A9600018901099179116900F98159015A82946D0
:10A97000F7F794FC15A81299018158491991534988
:10A9800018913E211D9102211C910E991B915C4949
:10A990001A911199169115942946B04703F088FC35
:10A9A0000D980C990843C0070BD00020306001209F
:10A9B0002070139805F0CAFD1E2210984A4903F032
:10A9C000DBFF0B98002801D102F087FD109803F0FF
:10A9D000C9FF002030760120F07603F069FC0020EA
:10A9E000306070601E221098194603F0C5FF3E4B80
:10A9F0000D98002845D03068002839D0401E3060BE
:10AA00007168884237D337E00020286068601E22D2
:10AA1000109819461C4603F0AFFF23460D980028F6
:10AA200000D19EE02868002800D191E0401E2860F7
:10AA30006968884200D28EE08EE00020306070604D
:10AA40001E221098194603F097FF274B0D980028F7
:10AA500000D1EFE03068002800D1E2E0401E306015
:10AA60007168884200D2DFE0DFE0C046243E010882
:10AA700002200521316070601E221098194603F0F3
:10AA80007BFF0B98002801D102F01CF8012002F096
:10AA900015F8C0465C3301080020286068601E225B
:10AAA000109819461E4603F067FF33460D9800289C
:10AAB00000D110E22868002800D103E2401E28607F
:10AAC0006968884200D200E200E2C0465C330108B7
:10AAD00002010100906B000001020100020201026C
:10AAE000FC2A01086A3E01089808000004320108A7
:10AAF000353D01081D1C0008403D0108573D010877
:10AB0000703D01080020306070601E2210981946C8
:10AB10001D4603F031FF2B460D980028139C00D1F1
:10AB2000FDE23068002800D1F0E2401E306071681C
:10AB3000884200D2EDE2EDE2129EF068401C0A214C
:10AB400007F012FFF160109803F00CFF03F081F999
:10AB500002200521296068601E221098194603F022
:10AB60000BFF0B98002801D101F026F9012001F01C
:10AB70001FF90020106050601E221098194603F043
:10AB8000FBFEC44B0D98002801D100F009FC12997E
:10AB90000868002800D1FBE3401E0860496888422D
:10ABA00000D3F8E31299F5E30020306070601E22B4
:10ABB0001098194634461E4603F0DEFE33462646FC
:10ABC0000D98002801D100F0E3FC3068002801D185
:10ABD00000F0D5FC401E30607168884201D200F060
:10ABE000D1FC00F0D0FC0020306070601E22109874
:10ABF00019461D4603F0C0FE2B460D980028139DF4
:10AC000001D100F071FE3068002801D100F063FE30
:10AC1000401E30607168884201D200F05FFE00F093
:10AC20005EFE06200921316070601E2210981946D0
:10AC300003F0A2FE0B98002814D001200EE00C991E
:10AC4000C90706D0002801D101F029FB411EFFF7FA
:10AC500071FB0B980028149C04D00020707610988B
:10AC600003F080FE0320010215A80F9101818A499B
:10AC70001891092109911D911C211C910C211B91F6
:10AC800086491A9164210D911691012515958449E3
:10AC900019912146F6F7C2FF82481A900C95199532
:10ACA0000B2018907F21089117911690002515957B
:10ACB00015A82146F7F7F2FA0A98C0011399081867
:10ACC000B4300B90152039287DD071686C180A2C8F
:10ACD00079D20E911390306884427148119012D14C
:10ACE00000201990099818907C2017900220159048
:10ACF0006D481A901398C01F169015A81499F7F76D
:10AD0000FBFB6A48119040A96948888069484090D7
:10AD10002046353023462B3331222026042C00D800
:10AD20003346CB7000D8024610958A7015A80624C9
:10AD3000224606F049FC1699179A159B15A80F9EF6
:10AD40000681119D1995544E1896139D1D95042644
:10AD50001C96002B00D114461B94574A0D9E0C9D47
:10AD600000D10A461A9216961595149C2146F6F7BC
:10AD700055FF0A98142801D303F0A0FA0B980E99F6
:10AD800040181099415C15A80F9A0281119A1992E6
:10AD9000414A189230221C92169615950A2900D322
:10ADA0000A21C900454B5A581A92591849681B91F3
:10ADB000139D1D952146F6F731FF2846109D6D1C09
:10ADC0000930129E7FE70C9D199534201890089940
:10ADD000179116900020159032481A9015A8149CCF
:10ADE0002146F7F75BFA737E15A80F9901812C496C
:10ADF0001991294918913E211D9102211C910D990B
:10AE0000169115951A211622002B00D111461B917F
:10AE100001D101F0E3FF2A4901F0E3FF0F9884001C
:10AE20000A59002A01D100F0B9FE0C98C0070A9215
:10AE300001D102F025FB2868411C914201D302F0A8
:10AE400014FB29606A68121D914201D202F010FBC6
:10AE5000801E02F00CFB401C032107F085FD3160D1
:10AE6000109803F07FFD0B4B3068002801D100F0F3
:10AE7000F0FD012801D100F0DDFD022801D002F033
:10AE80002CFB0D98002801D101F00CFA012001F0F3
:10AE90000FFAC04698080000043201087E3A010803
:10AEA000020201020201010001020100020200028D
:10AEB0003A200000434830308A3A0108243901081A
:10AEC000903A01080A200D21296068601E2210981E
:10AED000194603F051FD0B98002814D00A98132846
:10AEE00001D903F0EBF90A98C001139908189421CD
:10AEF000425A2B680F241C400123A3405340435265
:10AF0000109803F02FFD0320010215A81191018173
:10AF1000FC49189109241D9412211C910F211B91A9
:10AF2000F9491A9164210F91169101261596F74D52
:10AF300019951499F6F772FEF5481A900E9619961F
:10AF40000B2018907F210B911791169000251595D5
:10AF500015A81499F7F7A2F93094EE482F902E9483
:10AF6000ED482D902C94ED482B902A94EC48299094
:10AF70002894EC4827902694EB4825902494EB489D
:10AF800023902294EA4821902094EA481F901E942E
:10AF9000E9481D901C94E9481B901A94E8481990C0
:10AFA0001894E84817900C941694E74815900A985E
:10AFB000C0011399081894300D901526042D00D166
:10AFC00083E0129840682C180E2C7ED20A98132821
:10AFD00001D903F073F90D980088E040C007FA48E2
:10AFE00000D0FA48109013951298006884423BD123
:10AFF000F01F002144910C9943917C214291419092
:10B0000002204090F248459040A8149D2946F7F749
:10B0100073FA40A811990181F6494491B9494391C5
:10B02000489604214791E10015AA53185B6846939E
:10B03000515845910F9941910E9C40942946F6F73D
:10B04000EDFD40A811990181EA494491AD49439130
:10B0500048964C21479107214691109945910F99A7
:10B060004191409429462AE040A8119A0281A54DB9
:10B0700043954896042147910F9D41950E99409123
:10B08000A2494491E10015AA5358459351184968C3
:10B090004691149C2146F6F7C1FD40A81199018103
:10B0A0009A4944919749439148964C2147910721E9
:10B0B00046911099459141950E9940912146F6F798
:10B0C000ADFD139D6D1C093678E70E9D4495342027
:10B0D00043900B9942914190002040908C484590BC
:10B0E00040A8149C2146F7F7D9F840A8119901818E
:10B0F00086494491834943913E21489102214791D9
:10B1000018214691BC4945910F9934E21020132132
:10B11000316070601E221098194603F02DFC0B98C8
:10B1200000282AD0227A132A01D903F0E4F83068E3
:10B130002072D201214680318A18099D6B88538282
:10B140002B881382142801D303F0C9F8C001081812
:10B15000018A2980418A6980C06804F043F820464A
:10B1600005F0F4F9022000904B2041013C222823F5
:10B17000109803F091FB012030770320010215A8FD
:10B180000C9101815F491891092106911D910A21B5
:10B1900009911C9113211B9198491A9164210B91DB
:10B1A00016910125159559491991149C2146F6F7D8
:10B1B00035FD57481A900A9519950B2018907F2154
:10B1C00005911791169021460024159415A8F7F7BC
:10B1D00065F840A8001D089013988030079015204E
:10B1E0001190042C00D1B1E070682518142D00D303
:10B1F000ACE0109430680F901398007A0D90089886
:10B200007F4981817F4901604160816040AC3A2083
:10B21000E0704D202070681C0E90C0B2099E31462F
:10B2200007F00CFA302132464243084360700E9812
:10B23000801A0843A07004210E2220460E9106F0C9
:10B240005CF8EA01079B9A18334606F0FAF80D9865
:10B2500085422C4604D140A86B4901825B21C17311
:10B26000119DE81F0D9015A840A9122206F0ACF917
:10B27000072215980028654E00D1169E00D1179A16
:10B280000F98844224D100201990069818907C20B1
:10B2900017900D9816900220159055481A9015A8F1
:10B2A000149C21460F92F7F727F915A80C990181F4
:10B2B00050491991134918911D950E991C910F9998
:10B2C0001B911A960B9916910A991591214610E037
:10B2D00015A80C9901810B4918911D950E991C9187
:10B2E0001B921A960B9916910A9915910749199173
:10B2F0001499F6F793FC109C641C09351195129E65
:10B300006FE7C04604320108AA3A010802020102AE
:10B31000020101002E3B0108253B01081C3B0108EE
:10B32000133B01080A3B0108013B0108F83A0108F8
:10B33000EF3A0108E63A0108DD3A0108D43A01087B
:10B34000CB3A0108C23A0108B93A01080A9D199599
:10B3500034201890059917911690002015902C48CC
:10B360001A9015A8149C2146F6F798FF15A80C9979
:10B37000018128491991284918913E211D910221E6
:10B380001C9118211B9125491A910B9902F069F81B
:10B3900009200D6048601E221098194603F0ECFA4F
:10B3A0000B9800284BD0109803F0DCFA012012997A
:10B3B000087709680C290F9B01D902F079FF05A2D3
:10B3C0004900515A49008F44373B01083E3B010870
:10B3D000010201002B00210B0F0B160BFF0A270B9C
:10B3E0002D0B1B0B390B090B330BFB0A050BC0464E
:10B3F0000102010002020002453B01086836010813
:10B4000020200000202020202A5D00007B3601083B
:10B410000201010002020102043201088236010821
:10B420000220129908761398007A0860801E00D2D4
:10B430000020102800D31020486002F039FF0320BC
:10B44000010240A811910181FD49439109210E910A
:10B4500048911A2147910F994691FA4945916421E3
:10B460001091419101244094F7494491149D29463B
:10B47000F6F7D4FBF54845900F9444940B20439085
:10B480007F210D91429141900024409440A829468B
:10B49000F6F704FF1525042C12994CD0486826189D
:10B4A0000D2E48D2086886422AD1002044900E987A
:10B4B00043907C20429002204090E5484590E81F50
:10B4C000419040A81395149D2946F7F715F840A818
:10B4D00011990181DF494491D949439113994891C8
:10B4E00004214791F10015AA53185B6846935158FF
:10B4F0004591109941910F9940912946139D15E06E
:10B5000040A811990181CE49439148950421479162
:10B51000109941910F994091CB494491F10015AA9E
:10B52000535845935118496846911499F6F776FB9C
:10B53000641C0935AFE70F9D4495342043900D9965
:10B540004291419000204090C048459040A8149CF2
:10B550002146F6F7A3FE40A811990181BA4944910A
:10B56000B74943913E2148910221479118214691C4
:10B57000F149459110994191409502F096FE0520C0
:10B580000821316070601E221098194603F0F4F90A
:10B590000B9800281ED0109803F0E4F930680028BA
:10B5A0000AD000210122327707223283401E316007
:10B5B0007160B06002F07CFE0A98142801D302F09A
:10B5C0008EFEC00113990818BE21425C521C032351
:10B5D0001340435403200690010215A80F910181E6
:10B5E00097491891092108911D911A211C910C214C
:10B5F0001B91D2491A916421109116912C46012574
:10B600001595914E19962146F6F708FB8F481A902A
:10B610000D9519950B2018907F2105911791169083
:10B620000026159615A82146F6F738FE0A98C0019F
:10B6300013990818844D129A0146BE310791C03003
:10B64000099015201390042E00D120E15068341881
:10B65000092C00D31BE110688442119512D10020FF
:10B660001990089818907C2017900220159078481F
:10B670001A901398C01F169015A81499F6F73CFF5E
:10B6800074481190002C0E9600D19DE00A98142861
:10B6900001D302F013FE0620604309994018801F71
:10B6A00041780B9100780C90A5483A9030343AA933
:10B6B0004C7015A80424224605F086FF1699179AA7
:10B6C000159B15A80F9D0581119D19955C4E189627
:10B6D000139D1D951C94002B00D114461B94994A70
:10B6E000109E00D10A461A9216960D9D1595149C2F
:10B6F0002146F6F793FA0C99002900D1ACE0924864
:10B700004090302008430D460B462633312240A995
:10B710002024092D00D82346CB7000D802468A7019
:10B7200015A80424224605F04FFF1699179A159B79
:10B7300015A80F9D0581119D1995414D1895139DD3
:10B740001D9518251C95002B00D114461B94F94A11
:10B7500000D10A461A92109916910D9E1596149CC6
:10B760002146F54DA8472A4615A80F990181119940
:10B770001991334D1895139D1D9536211C91022169
:10B780001B91F5491A9110991691159621469047EB
:10B7900015A80F99018111991991294918911D95A1
:10B7A00046211C910B99192900D31921C900EB4B93
:10B7B0005A1852681B9259581A9110991691159659
:10B7C0002146E44A90475BE00A98142801D302F02E
:10B7D00075FD079800780C9015A80F9E0681119CA6
:10B7E0001994174D1895139D1D9504211C91052141
:10B7F0001B91DB491A91109916910D991591149985
:10B80000F6F70CFA15A8068119940D4918911D95A3
:10B8100024211C910C99032900D30699C900D14B0E
:10B820005A1852681B9259581A91109916910D99ED
:10B8300015911499F6F7F2F9034D129A0E9E22E033
:10B84000043201084336010802020102020101002C
:10B85000010201000202000215A80F990181C249EC
:10B86000189113991D911C211C910A211B91BF490C
:10B870001A9116961595119919912146F6F7CEF958
:10B88000BB4D0E9E129A761C13980930DAE60D9E77
:10B89000199634201890059917911690002015904C
:10B8A000B4481A9015A8149C2146F6F7F7FC03201B
:10B8B000010215A801811995AB4918913E211D91EE
:10B8C00002211C911D211B91AB491A9110991691CF
:10B8D000159602F0EAFC05200821316070601E22F6
:10B8E0001098194603F048F80B98002801D101F090
:10B8F000CDFA3068082801D901F0C8FA4000C046E6
:10B90000784480884000874408008A045D047004FD
:10B9100052049904A8047A04B304109803F022F89E
:10B92000687A401CC0B2032107F01EF86972481EF5
:10B930008141217301F0A7FA50360108A4380108AB
:10B940004D303A20D42A0108434830300598002869
:10B95000149C129E01D100F05DFD3068401C0A99D4
:10B96000884200D302203060284600F04EFD0020BF
:10B97000106050601422109819461E4602F0FCFF19
:10B9800033460D98002800D1ACE0129A10680028C8
:10B9900000D19CE0401E10605168884200D39AE0BC
:10B9A0001299486097E0701C744B12990860142239
:10B9B0001098194602F0E0FF05980028129E0ED05C
:10B9C0003068022807D3401C0A9906F0CDFF0D46C7
:10B9D000022900D802253560109802F0C3FF0B98A9
:10B9E0000028139B01D100F015FD306801283CD0E0
:10B9F000002841D1119DE87D052801D000F0F6FC1A
:10BA0000687F21216854297F401840082022A854CB
:10BA1000E977E87E6877AA7EEA7609184908A97767
:10BA2000801840082877687E10184008A8760920FA
:10BA300000F0E9FC0D98002801D101F03BFD7320D6
:10BA4000295C1E46002901D101F029FD491E01F0A3
:10BA500027FD0D980C990843C00701D101F03DFD69
:10BA600000203060207001F02EFD119A107E4142BE
:10BA70004141117600F0C8FC0120707600F0C7FC4F
:10BA80000D98002801D100F06EFF0A98142801D308
:10BA900002F014FCC8680A2801D302F039FC0A99A4
:10BAA000C901511880310A5C202A01D102F097F9AE
:10BAB0002D2A01D102F091F9392A01D100F07DFF40
:10BAC0005A2A01D002F08DF9302202F0BCF901208F
:10BAD0000421116050601422109819461E4602F08D
:10BAE0004BFF33460598002814D0129A1068411C69
:10BAF000052907D211605268121D914205D3801E9C
:10BB0000129A01E00020106050601422109819462B
:10BB100002F032FF0B98002801D102F09AF9129836
:10BB20000068042801D902F094F904A14000085AE1
:10BB300040008744E02A01081D1C00080800450455
:10BB400003042004DC0300201299C8600120487619
:10BB5000FEF7F9FF1D1C0008FA3801082439010816
:10BB6000B0380108D038010804320108F038010863
:10BB70000202010202010100F439010898080000E4
:10BB80000120086000204876104604F0DFFC4B20BE
:10BB90004101C8312822109802F059F90B98002869
:10BBA00004D004F069F9109802F0DCFE03200102D1
:10BBB000139115A80181D549189109211D911E21C4
:10BBC0001C910B251B95D2491A9164211291169153
:10BBD00001261596CF491991CF4A149C21469047CA
:10BBE000CE481A90199618957F20119017901695A7
:10BBF0000025159515A82146F6F750FB15A81399B1
:10BC00000181C4491991C14918911C211D91082134
:10BC10001C9113211B91C2491A91129916911596E4
:10BC20002146BD4A9047BD481A9019963420189075
:10BC3000119917911690159515A82146F6F72EFB28
:10BC400015A813990181B3491991B64918913E215C
:10BC50001D9102211C9117211B91B3491A91129930
:10BC6000169115962146AC4A904702F021FB142C00
:10BC700001D302F048FBE00113990818A8303AE01C
:10BC8000142C01D302F03FFBE00113990818A230F5
:10BC90000A99415C60290E9401D200F0E9FE00226D
:10BCA00000F0E7FE142C01D302F02DFBE001139904
:10BCB0000818A5300A99415C60290E9401D200F061
:10BCC000EBFE002200F0E9FE0D990C9A1143C90722
:10BCD00001D100F0EFFE401C032106F045FE934B1E
:10BCE000F16000F0E2FE142C01D302F00CFBE00145
:10BCF00013990818AB300A99415660290E9401DB5C
:10BD0000002200E001220D9C144201D000F0C9FE87
:10BD10005E22D243914201DA00F0B2FE002200F02E
:10BD2000B0FE0D98002801D101F063F82079401C85
:10BD3000C0B20B2106F018FE217130E00D980028EA
:10BD40007A4900D1B7E2022020565F2800DDB2E236
:10BD5000401DBCE20D980028744900D1B9E20320CF
:10BD600020565F2800DDB4E2401DBEE20D98002899
:10BD700001D101F05AF86078401CC0B21A2106F0D7
:10BD8000F3FD61700BE00D98002801D101F05BF824
:10BD90006079401CC0B2032106F0E6FD6171634981
:10BDA0001422109802F0E8FD0B98002804D000201F
:10BDB0006876109802F0D6FD5D4840A90A4618C87A
:10BDC00018C20D9631364E720078107015A80A22EE
:10BDD000099205F0F9FB1699179A159D03200302A5
:10BDE00015A8119303814B4B1993484B18930923C2
:10BDF0000E931D9322231C930823002D00D113467C
:10BE00001B9300D04B491A91642110911691012483
:10BE10001594149D2946F5F701FF40481A900F9498
:10BE200019940B2018907F210391179116900026EA
:10BE3000159615A82946F6F731FA0A98142801D361
:10BE400002F04DFA06230D994B43C101139A511884
:10BE5000CB181A46C032D0780C9090780B9050795D
:10BE600011795278C0255C5D3AAB9E8013963A9664
:10BE70003023234325462635069531250595202573
:10BE80000A94092C00D8069500D80593192A00D3E6
:10BE900019220A2900D30999D200274BC900274C3F
:10BEA000022800D302209A18099261180891C00054
:10BEB0002349081807901525149A13990429129CF0
:10BEC00000D147E160680E18062E00D342E11391BD
:10BED000206886420F4C10D1002019900E981890BF
:10BEE0007C2017900220159016481A90E81F169093
:10BEF00015A81499F6F700FB134CC0467E4436791A
:10BF00007600B74423C6849C64E6C0460432010828
:10BF1000353D0108020201021D1C0008020101005A
:10BF2000C63D01085C330108703D01089808000017
:10BF3000143A0108D22B010824390108F03601080F
:10BF4000503A0108010201000202000215A81199ED
:10BF50000181F74918911D9504210D911C9107212C
:10BF60001B91F4491A91109916910F9915911994F2
:10BF7000149E3146F5F752FE0A98002800D1D7E00A
:10BF8000ED48359035A90698C8700598887015A8B1
:10BF90000D9E324605F018FB16980490179A159BD3
:10BFA00015A8119901811994F64C18941D953824FF
:10BFB0001C94002B00D116461B96F34A149E109B2E
:10BFC0000F9C00D1049A1A9216931594A8E015A814
:10BFD00011990181EB4918911D9504211C910721AC
:10BFE0001B91EA491A91109916910F99159119947C
:10BFF000149E3146F5F712FE15A811990181199486
:10C00000E04918911D9538211C91089A80E015A8E7
:10C0100011990181DB4918911D9504211C9107217B
:10C020001B91DB491A91109916910F99159119944A
:10C03000149E3146F5F7F2FD3AA90B9816E015A8C3
:10C0400011990181CF4918911D9504211C91072157
:10C050001B91D0491A91109916910F991591199425
:10C06000149E3146F5F7DAFD3AA90C9803F062FF09
:10C0700015AA119B13811994C24B18931D9538234F
:10C080001C931B911A90109816900F9815901046BB
:10C0900046E015A811990181BA4918911D9504210E
:10C0A0001C9107211B91BC491A91109916910F9967
:10C0B00015911994149E3146F5F7B0FD15A8119904
:10C0C00001811994AF4918911D9538211C91099A45
:10C0D0001EE015A811990181AA4918911D95042106
:10C0E0001C9105211B91AD491A91109916910F9938
:10C0F00015911994149E3146F5F790FD15A81199E4
:10C10000018119949F4918911D9538211C91079A16
:10C11000116852681B921A91109916910F991591F6
:10C120003146F5F77BFD32461399491C0935C5E6C2
:10C1300015A811990181934918911D9538211C91D9
:10C1400008211B9196491A91109916910F991591F2
:10C150001994E5E70F9D19953420189003991791CC
:10C160001690002015908F481A9015A81646114673
:10C17000F6F794F8637E15A8119901818A491991FF
:10C18000804918913E211D9102211C911099169110
:10C19000159519211622002B00D111461B9101D1B2
:10C1A000824900E082491A91314602F07FF81098E6
:10C1B00002F0D8FB287B092801D900F052FE411C6F
:10C1C00000F050FE28460A9A557869426941069B5C
:10C1D0005970517004F0BAF9002D01D101F09FFBA4
:10C1E000109802F0BFFB00F051FE109802F0BAFB6D
:10C1F000E87A401C03210140E97200F044FE1098E7
:10C2000002F0B0FBE87B401C03210140E9732846A3
:10C2100004F09CF9E87B03F0ABF800F037FEA87A55
:10C2200041424141069A1170A972002801D000F0E4
:10C230002AFE109802F096FB00F025FE109802F0FE
:10C2400091FBA87B2F28014600D32F21312801D94B
:10C2500000F00EFEC81C00F00CFE109802F082FBED
:10C26000687B312801D900F008FE401C00F006FE72
:10C27000109802F077FB0A9B1878411E02468A410B
:10C280004C494A7041424141197001204A4989791B
:10C29000914201D100F0F4FD400700F0F2FD0A21C7
:10C2A000FEF748F80C98C00701D101F016F90020FC
:10C2B000306001F00DF90C98C00700D174E5022040
:10C2C00020565E22D243904200DA6DE5401FA070F6
:10C2D00066E50C98C00700D166E5032020565E2273
:10C2E000D243904200DA5FE5401FE07058E515A8A0
:10C2F0000A9D294602F08AFB142D01D302F00BF8A7
:10C30000E801139D2818803015A9802206F00AF94B
:10C31000284604F01BF90220009050223223109886
:10C32000264902F0B9FA0120129908775BE0C0466D
:10C33000043201081E3A0108434830300A98142894
:10C3400001D301F0CCFFC001139E3418F425605DC9
:10C35000401CC0B20B2106F007FB6155304604F0CB
:10C36000F5F8605D002801D101F031FD109802F070
:10C3700045FA01F02FFD0020129E30760120F07664
:10C38000FEF70FF804320108E02A0108D43701084B
:10C390002C3A0108333A0108253A01083A3A0108D3
:10C3A000822B01080201010002020102683A010821
:10C3B0001238010870060020080B002098080000C1
:10C3C0000A98142801D301F08AFFC1011398451877
:10C3D0008A216A5C521C032313406B5404F0B6F8A4
:10C3E000109802F0BFFAF24D01F033FDE87F002112
:10C3F000E9832122AA5C2984697F6A772877E87E0D
:10C40000E976A8760520E875184604F09FF810989C
:10C4100002F0A8FA0320010215A80A910181E5495A
:10C42000189109210C911D91142110911C910E213C
:10C430001B91E1491A9164210991169101251595E5
:10C44000DB4919912146F5F7E9FBDC481A90139571
:10C4500019950B2118917F20079017900B91169139
:10C46000002021460446159015A80D46F5F716FF45
:10C470001198C07D092801D0D14800E0D1480D9025
:10C48000707E002803D13068002800D142E215A850
:10C490000A990181C749189110991D9104251C958D
:10C4A0001B95C9491A91099E169613991591C04971
:10C4B00019911499F5F7B2FB15A80A990181BC49A5
:10C4C0001991BC49189110991D9120211C911B951F
:10C4D000149D0D991A911696139915912946F5F701
:10C4E0009DFB1198007E002801D0B84800E0B848B4
:10C4F00010901299487E002839D10868012836D159
:10C50000B4481A9019940C98189046201790172048
:10C5100016900220159015A82946F5F7EDFF15A8ED
:10C520000A990181AC491991A24D18951E210D91CE
:10C530001D9104211C911B91A8491A91099D1695E2
:10C54000139E15961499F5F769FB15A80A990181B0
:10C55000A1491991974918910D991D9120211C917C
:10C5600006211B9110991A911695159626E015A88B
:10C570000A9901818F4D18951E210D911D9104215D
:10C580001C911B9195491A91099E1696139D15951C
:10C59000874919911499F5F741FB15A80A9901816A
:10C5A00083491991834918910D991D9120211C915E
:10C5B00006211B9110991A91169615951499F5F765
:10C5C0002DFB129D28680128119E36D9801E09284E
:10C5D00001D301F08DFE10903018467E40A88049AE
:10C5E00007220C900D9205F0F5FB0A2530462946EE
:10C5F00006F024F84543721B30252A43284310993E
:10C6000031311091202108913123632E294600D821
:10C6100001460C980171014600D8089BCB70109818
:10C62000487000D815464D7115A80D9A04F0CCFF3E
:10C63000159800281ED116981DE015A80A990181A9
:10C640005C4918912C211D9104211C910C991B917E
:10C650000999169113991591554919910899092924
:10C6600001D0604A00E0604A14991A92F5F7D6FAB0
:10C6700013985BE05D481090129D01D117980D90C2
:10C68000687E002829D053481A90002019900B98F2
:10C69000189046201790232016900220159015A878
:10C6A000149E3146F5F728FF15A80A9901814A49D9
:10C6B0001991404918912C211D9104211C910D992B
:10C6C0001B9110991A91324609991691139E15964D
:10C6D0001146F5F7A3FA304627E0139819900B9806
:10C6E000189046201790232016900220159033486A
:10C6F0001A9015A8149E3146F5F7FEFE15A80A9962
:10C7000001812B4919912B4918912C211D9104214C
:10C710001C910D991B9110991A91099916911399D1
:10C7200015913146F5F77AFA1398119E1990252044
:10C730001890312017900D2016904C2015901F480E
:10C740001A9015A81499F5F7D7FE304619300D90B8
:10C75000307E0C90F07D0B902F202646002847D08D
:10C760002E211190204605F069FF0C9A511E8A4136
:10C770000B990D9B03F05CFC15AA10921399117292
:10C7800031464D31159181B2222048430F99CD0099
:10C79000294605F053FF3021081A16901098149975
:10C7A000F5F710FA11986419129D401E761CD5E712
:10C7B00002020102043201082B38010802010100C3
:10C7C000482A01089C2A0108042B01088934010821
:10C7D000833401080102010002020002682A0108F4
:10C7E0004B3801084238010839380108523801082D
:10C7F00028680F90022844D30F98801E0928139AA6
:10C8000001D301F075FD0D990D5C3AA900230B725F
:10C810003B921193D94310913A910E9E704380B28E
:10C820000699491E89B205F009FF2E214843314679
:10C8300005F004FF04464D3455208000684331461E
:10C8400005F0FCFE05463AA804F030FD012817D19A
:10C8500040A8119A027213984190109840904E1B74
:10C86000303640A804F022FD0128ECD115A8139A17
:10C8700002721696611815911499F5F7A3F9F0E76D
:10C88000129D139E199634201890079917911690AF
:10C8900000201590C3481A9015A8149C2146F5F75E
:10C8A000FDFC687E002810D015A80A990181BE49B8
:10C8B00018913E211D9102211C9119211B91BB4908
:10C8C0001A910999169101F027F80F980128B84A92
:10C8D0000CD915A80A990181B34918913E211D91DF
:10C8E00002211C9119211B91B2490BE015A80A994C
:10C8F0000181AD4918913E211D9102211C91192100
:10C900001B91AD491A910999169113991591199294
:10C9100001F0CBFCA9481A9019940C981890462065
:10C9200017900D2016900220159015A82946F5F7AE
:10C93000E3FD15A80A990181A14919919A4E18960B
:10C9400010991D9104251C951B959E491A91099ECD
:10C950001696139915911499F5F760F915A80A9987
:10C9600001819749ACE50C98C00701D101F071FA3B
:10C970000A98132801D901F0A1FC1298C0680A286E
:10C98000139A01D301F0C4FC0A99C90151188031EE
:10C990000A5C202A01D101F020FA2D2A01D101F0F0
:10C9A0003EFA302A01D101F03EFA412A01D101F0CC
:10C9B00038FA5F2A01D001F038FA2D2201F043FA4B
:10C9C0001298067601F074FC002012990860486005
:10C9D000062037E01298047601F06AFC00201299D4
:10C9E00088600B7601F064FC00201299C860086032
:10C9F0004860042026E0002012990860052021E00C
:10CA000000201299086048600A201BE0002012995B
:10CA1000C8600860032015E0002012990860486093
:10CA200008200FE00020129908604860092009E002
:10CA30000021129A1176907601F03AFC00201299AA
:10CA400008600B20087601F033FC0C98C00731D049
:10CA5000132C01D901F057FCE00113990818962115
:10CA6000425C002A01D101F0CAF9521E01F0C8F956
:10CA700001220D9C144214D1372901D3FFF74EF93E
:10CA800001220E9C0C9BDB431343DA074E4B11D162
:10CA9000491F0A9A815408E001220D9C144200D1DA
:10CAA000A2E1491D0A9A81540E9C1422109819463D
:10CAB00001F062FF0B98002804D0002070761098D7
:10CAC00001F050FF0320010215A80F9101813649A2
:10CAD000189109210D911D9112211C9110211B917A
:10CAE0003A491A91642111911691012615963049FF
:10CAF00019912946F5F792F82A481A901096199636
:10CB00000B2018907F2103911791169000261596FF
:10CB100015A82946F5F7C2FB3AA806713A9640A82F
:10CB2000868040960A98C0002949081809900E94FA
:10CB3000E0011399081831460246963207920246E0
:10CB4000A23206920246A53205920246A83204920B
:10CB5000AB30089015240429129D00D118E16868B3
:10CB60000E18062E00D313E1139128688642104D4B
:10CB700010D1002019900D9818907C201790022059
:10CB800015900E481A90E01F169015A81499F5F705
:10CB9000B3FC0B4D7E4436797600B7441B99657F14
:10CBA0004BBFC04602010100043201088B38010866
:10CBB000020201027238010859380108010201001D
:10CBC00002020002042B010898080000342E01081C
:10CBD000E43701080E98142801D301F079FB079877
:10CBE00000780C9015A80F9E06811995D5491891CB
:10CBF0001D9407211B91D4491A91119916911099EE
:10CC0000159104210B911C911499F5F707F815A8BB
:10CC100006811995CB4918911D943C211C910C99C2
:10CC2000042900D30B99C900C84B5A1852681B92AB
:10CC300059586CE00E98142801D301F049FB0A986A
:10CC40000499085C40A903F075F90C900B9115A8A4
:10CC50000F9901811995BB4918911D9404211C91CC
:10CC600008211B91BA4972E00E98142801D301F0F3
:10CC70002FFB0A980699085C3AA903F09BF90C90DF
:10CC80000B9115A80F9901811995AE4918911D9422
:10CC900004211C9108211B91AE4958E00E981428DC
:10CCA00001D301F015FB0A980599085C3AA903F035
:10CCB00081F90C900B9115A80F9901811995A14943
:10CCC00018911D9404211C9108211B91A2493EE05A
:10CCD00015A80F9E06819B4918911D9404211C9153
:10CCE00008211B919D491A9111991691109915913E
:10CCF00019951499F4F792FF15A806811995914991
:10CD000018911D943C211C91099A06CA1B921A91F4
:10CD10001199169110991591149933E00E981428D1
:10CD200001D301F0D5FA0A980899085C40A903F0EC
:10CD300001F90C900B9115A80F9901811995814962
:10CD400018911D9404211C9108211B9184491A916A
:10CD50001199169110991591149E3146F4F75EFFC2
:10CD600015A80F9901811995764918911D943C21B8
:10CD70001C910B991B910C991A911199169110996C
:10CD800015913146F4F74AFF1399491C0934E2E63C
:10CD9000109E199634201890039917911690002030
:10CDA000159070481A9015A8149C2146F5F776FA4C
:10CDB0006B7E15A80F9901816B49199161491891F2
:10CDC0003E211D9102211C91119916911596192150
:10CDD0001622002B00D111461B9101D1634900E0BE
:10CDE00063491A9101F061FA232901D3FEF796FFF6
:10CDF00046E60C98C0075F4901D1FEF7D5FF2079C0
:10CE0000002801D100F0F7FF401E00F0F5FF0C985C
:10CE1000C007584901D1FEF7C7FF2078002801D18B
:10CE200000F0F1FF401E00F0EFFF0C98C0075149E1
:10CE300001D1FEF7B9FF6078002801D100F0E7FFCB
:10CE4000401E00F0E5FF0C98C0074A4901D1FEF7EB
:10CE5000ABFF6079002801D100F0DDFF401E00F03B
:10CE6000DBFF012129730A20484301F087FB0AE018
:10CE70001420A87301F05AFB05E02820687302E033
:10CE800040033D490860284603F060FB03200790FB
:10CE9000010215A80C9101812A49189109210D91CF
:10CEA0001D9120211C910B241B9434491A9164215B
:10CEB0000E911691012515952B4919911499F4F7A6
:10CEC000ADFE28481A901095199518947F2005906A
:10CED000179016940025159515A81499F5F7DEF905
:10CEE00015201190042D00D19AE270682C18092C9D
:10CEF00000D395E2306884421B4E11D10020199076
:10CF0000092018907C201790022015901C481A9038
:10CF10001198C01F169015A81499F5F7EDFA194E3F
:10CF2000139A03A10F9564000C5B6400A744C046EC
:10CF30002C00E40043007900370012015201AC00DC
:10CF40009401C04604320108D4370108AC37010807
:10CF5000A22B01085A2B0108B22B0108922B0108C1
:10CF6000CA2B01080201010002020102FC3701087C
:10CF70001238010898080000180800485D3B0108B5
:10CF80000102010002020002507A012800D1D5E11D
:10CF9000022800D00EE206200B90EA480DE2EA4893
:10CFA0004090107B0A214143C8B2632800D880E139
:10CFB000E648409084E10A9840780B9003200102F3
:10CFC000099115A801811996E1491891119C1D94A8
:10CFD000E0491A910E991691109915910421089122
:10CFE0001C9106251B951499F4F718FE15A80999AC
:10CFF00001811996D64918911D943E211C910B99D7
:10D00000002900D0089D1B95D349129E00D0D3491A
:10D010001A910E991691109915911499F4F7FEFD35
:10D02000F9E1D07A401EC0B20328CD490D9A03D24F
:10D030008000CC490958062208920B910320010276
:10D04000099115A80181C249189111991D910421D6
:10D050001C910D991B91C4491A910E9C169410991C
:10D0600015911996149D2946F4F7D8FD15A809992C
:10D0700001811996B649189111991D913E211C9173
:10D0800008991B910B99BEE1D07B401EC1B20329C8
:10D09000B649079A05D20006800DB5490A58B54928
:10D0A000095809920B9115A80C9D0581A849189162
:10D0B00011991D9104211C910D991B91AE491A9152
:10D0C0000E991691109915911996149C2146F4F712
:10D0D000A5FD15A8058119969D49189111991D91D5
:10D0E0003E211C9109991B910B991A910E9A169247
:10D0F000109A159221468BE1907A0B90032005023D
:10D1000015A80581199692491891119C1D94042126
:10D110001C919A491A910E9916911099159107210F
:10D1200009911B911499F4F779FD15A805811996B9
:10D13000874918911D943E211C9105210B9A002AC4
:10D1400000D009991B918E49129E0F9D00D1ECE0F1
:10D150008C49EAE0947B0A252046294605F06EFAC0
:10D160000246303240A90A704543601B3022024318
:10D170004A7015A80222099204F026FA169808901F
:10D180001798069015980B900320050215A80581A5
:10D1900019966F491891119C1D9404211C910D99A9
:10D1A0001B9179491A910E9916911099159114991C
:10D1B000F4F734FD099A15A8058119966449189168
:10D1C0001D943E211C910B99002900D1069A1B92B7
:10D1D0006E49A6E06E484090547B0A2520462946B9
:10D1E00005F02CFA0246303240A90A704543601B14
:10D1F000302202438A7015A804252A4604F0E4F977
:10D20000169808901798069015980B900320010225
:10D21000099115A8018119964D491891119C1D94E9
:10D220001C950D991B915B491A910E9916911099B5
:10D2300015911499F4F7F2FC15A809990181199632
:10D24000434918911D943E211C910B99002900D14E
:10D25000069D1B95504964E00A9800780B9015A82C
:10D260000C9C048119963A4D1895119D1D95042129
:10D270001C910D991B9149491A910E99169110997B
:10D2800015911499F4F7CAFC15A804811996304930
:10D2900018911D953E211C91082107220B9B002B04
:10D2A00000D011461B913E49129E0F9D3DD03D4935
:10D2B0003BE00A2105F0C2F93021014340A841704A
:10D2C00015A840A904252A4604F07EF9169808906E
:10D2D0001798069015980B9003200102099115A844
:10D2E000018119961A491891119C1D941C950D994C
:10D2F0001B912D491A910E99169110991591149917
:10D30000F4F78CFC15A80999018119961049189118
:10D310001D943E211C910B99002900D1069D1B955F
:10D320002249129E0F9D00D108991A910E991691CB
:10D33000109915911499F4F771FC6DE004200B908D
:10D340001B483AE083340108202030253130302555
:10D3500004320108943B01088E3B0108C42A0108ED
:10D36000AC3B0108BC450108B53B0108EA3B01089C
:10D37000D4450108C8450108ED3B0108873B010879
:10D380007B3B0108803B0108C93B0108C73B010802
:10D39000302E3056D23B0108A82A0108FD3B010877
:10D3A000622B0108F63B0108BE3B0108A02A0108D8
:10D3B000E82A01080A200B90F04809900320010296
:10D3C000089115A80181EE49189111991D91042128
:10D3D0001C9109211B91EB491A910E9C16941099EE
:10D3E00015911996149D2946F4F718FC15A808996B
:10D3F00001811996E249189111991D913E211C91C4
:10D400000B991B9109991A91169410991591294617
:10D41000F4F704FC129E0F9D6D1C1198093060E515
:10D42000109D199534201890059917911690002099
:10D430001590D5481A9015A8149C2146F4F72EFF94
:10D440000320010215A80181D0491991D0491891F2
:10D450003E211D9102211C911E211B91CD491A9143
:10D460000E991691159500F020FF00202860686045
:10D470001E22109819461E4601F07EFA33460A9A7B
:10D480000D98002800D15AE22868002800D14BE20C
:10D49000401E28606968884200D24AE24AE20321BD
:10D4A0002954139803F052F81E221098314601F0C7
:10D4B00063FA33460C98C0070FD07320295C491CCF
:10D4C00003220A402A5413981E4603F03FF83346BD
:10D4D0001E221098194601F04FFA0E9520781190EF
:10D4E00003200102139115A80181A8491991A449AB
:10D4F000189109211D9112211C910E211B91A64901
:10D500001A916426169601251595149C2146F4F768
:10D5100085FB9D481A9019950B2118917F200C903E
:10D5200017900B91169100200D90159015A821468B
:10D53000F4F7B4FE119800281095119613994BD06A
:10D540001298066835AC601C1321202509912A46E3
:10D5500005F0AEF91296002E00D13E252570122559
:10D560002046294603F0DEFE8C4A1126334603F09E
:10D5700068FF15A821462A4604F026F8169D179A3A
:10D58000159B15A813990181804919917C4918911F
:10D5900016241D9402210F911C91002B0A9600D194
:10D5A00016461B96149900D07D4D1A95119A169225
:10D5B000109A1592F4F732FB73200E99085C401E06
:10D5C000C1B2022900D905E10006800D754909584C
:10D5D0000A9175490858FEE015A80181684918911B
:10D5E00016211D91042112911C910F211B916F494D
:10D5F0001A9116961595654919916D4A1499904797
:10D600003AAC20200B9020716A483A900F98461C43
:10D61000F0B20A25294605F011F80F954543711B14
:10D6200030221143A1701043607015A80525624B8C
:10D6300021462A469847169C179A159B15A81399B8
:10D640000181524E19964E4918910B991D911299CC
:10D650001C91002B2B4600D113461B9300D0574C36
:10D6600014991A94119A1692109A1592504A90474A
:10D6700015A80E990F9A504B98471699179A159B13
:10D6800015A8139C048119963D4C18940B9C1D946D
:10D6900022241C94002B00D115461B9500D048492C
:10D6A000149D109E1A911199169115962946404A7B
:10D6B00090474448419040900E98C06840AC214645
:10D6C00002F0F8FB15A813990181304919912C49F2
:10D6D000189132462A261D9612991C9107211B91FA
:10D6E00039491A911199169115922946304A904755
:10D6F00015A8082521462A462F4B98471699179AB0
:10D70000159B15A8139C0481204C19941C4C18944B
:10D710001D962E241C94002B00D115461B9500D07D
:10D720002A49149C109E1A9111991691159621461A
:10D730001F4DA84714481A901996342018900C9938
:10D74000179116900D98159015A82146F4F7A6FD8F
:10D7500015A8139901810D4919910D4918913E2180
:10D760001D9102211C9118211B9119491A9111999F
:10D77000169115962146A84700F09AFD683B0108CE
:10D7800004320108723B0108020101000202010299
:10D790005C330108063C0108243C0108653C010893
:10D7A000763C0108EC450108E0450108323C0108DF
:10D7B0001D1C00084D30303AC9150108413C0108D4
:10D7C0007334010830303030463C01082A2B010800
:10D7D0004D3C0108F84806903AAC601C1521202504
:10D7E00007912A4605F064F83E2112980128089115
:10D7F000084600D0284620700E950A9D6E1C2046D3
:10D80000314603F097FD069A2B460E9D03F019FE54
:10D8100015A82146324603F0D7FE169C179A159B91
:10D8200015A813990181E5491991E54918911D95AC
:10D830000F991C91002B0B9900D111461B91149943
:10D84000109B00D0DF4C1A94119A16921593F4F79E
:10D85000E5F940AC601C07992A4605F029F81298B2
:10D860000228089800D0284620702046099E31469C
:10D8700003F060FDD44A122303F0E3FD15A821460E
:10D88000324603F0A1FE1699179A159B15A8139C12
:10D890000481CA4D1995CA4C18942A241D940F9CD2
:10D8A0001C94002B00D116461B96149C00D0C7492F
:10D8B000109E1A91119D169515962146F4F7AEF912
:10D8C000C3481A901996342018900C991791169005
:10D8D0000D98159015A82146F4F7E0FC129802283F
:10D8E0000CD115A813990181BA4918913E211D91B7
:10D8F0000F991C911C211B91B7490BE015A8139996
:10D900000181B44918913E211D910F991C911A2152
:10D910001B91B2491A911695159600F0C4FC109807
:10D9200000F06CFFFFF7B2FA501E2860101F00D203
:10D93000002068601E221098194601F01DF80B980F
:10D9400000289E4D5AD012980068072801D900F08F
:10D95000DCFC3C214143A24A56183621715C09295E
:10D960001FD00D294AD19E490959884212D215ACBF
:10D97000E01D092104F02EFF3420315C7F2080005F
:10D98000974A105C0422234602F0B3FF0821204688
:10D9900002F0F6FE4B2041015022109800F0ECFFFF
:10D9A0002CE08F490959884225D23920305C002863
:10D9B00021D0411C080A01D000F0AFFC3824305DB2
:10D9C000401CC0B2C9B204F0CFFF0D46315515ACB2
:10D9D000E01D092104F0FEFE3420315C7F20800030
:10D9E0007F4A105C2A46234602F083FF0821204626
:10D9F00002F0C6FE714D109800F0B4FFFF20FE301B
:10DA0000774A115C002912D00F204001101803F052
:10DA10001AFC02460B4615A811461A4603F0D4FD1F
:10DA20000A2115980028149C05D1169A04E00A21B1
:10DA30006C4A149C02E06B4A00D117990320030240
:10DA400015A80B9303815E4B189309230D931D9327
:10DA500018231C931B911A9264210C911691119E0C
:10DA6000159619952146F4F7D9F859481A90199640
:10DA70000B2018907F2105911791169000200F9090
:10DA8000159015A82146F4F709FC40A8401C079002
:10DA90000A9E0F9A042A129900D177E148688418E7
:10DAA000B44200D372E10D9850431090086884424C
:10DAB00012D1002019900D9818907C201790022008
:10DAC000159049481A9010980E30169015A8149980
:10DAD000F4F712FD0F9A454D0E95072C404901D9D8
:10DAE00000F002FC521C0F923C20604308183721C2
:10DAF000455C1390294603F09DFB02460B4615A892
:10DB000011461A4603F060FD052115980028384A91
:10DB100000D1169A149C00D117993620139B185CDB
:10DB200009287ED00D2865D113212022079804F002
:10DB3000BFFE40AC5B202070102D00D310256E1C62
:10DB40002046314603F0EEFB0990089113982946D0
:10DB500003F070FB02460B460998089903F071FC2C
:10DB60005D20A055A91C204603F06DFB02460B4624
:10DB700015A811461A4603F027FD169D179A159C05
:10DB800015A80B9901810E9919910D4918911099B9
:10DB900015311D910E231C930523002C00D1134633
:10DBA0001B93E14A14990A9E00D12A461A920C9AB4
:10DBB0001692119A159230E0873C01080202010288
:10DBC00004320108CF3C0108DA3C0108EC3C0108B2
:10DBD000020101005C330108193D0108FF3C010806
:10DBE000FC080020D93D01080102010002020002E8
:10DBF000E33D010815A80B9B0381CC4B189304232C
:10DC00001C931B911A920C991691119915910E99CA
:10DC10001991109915311D912146F3F7FFFFC44D5D
:10DC200037E715A80B9B0381C04B189304231C9363
:10DC30001B911A920C991691119E15960E99199195
:10DC40001099153110911D912146F3F7E7FF00233C
:10DC500043934293419340933A20139A115C0029D5
:10DC60003446B34D54D0252900D323E33820139EE6
:10DC7000305C0990103606917218002113960C46FC
:10DC800008919642E0B20ED00D46491C731C3678BE
:10DC9000002E02D03B2E1E46F3D1099EB0424BD03F
:10DCA000641C1E46ECE70023099988422DD1069A90
:10DCB00008989042119E34469D4D29D2139903F045
:10DCC00057F905460C460F2900D30F2440AE3046C5
:10DCD000214603F009FB2A46234603F0B2FB3046F7
:10DCE000214603F0A7FA02460B4615A811461A462C
:10DCF00003F06AFC002301241598002800D1169C2B
:10DD00008B4D00D1179B119E02E0119E3446884D29
:10DD100015A80B9A0281854A1892109A1D924822E2
:10DD20001C921B931A940C99169115960E991991A1
:10DD30001499F3F773FFABE608988542069A00D270
:10DD4000CAE2954200D9C7E22C1A0F2C00D30F2447
:10DD500040AD2846214603F0C7FA139A089BD21813
:10DD6000234603F06EFB2846214603F063FA024681
:10DD70000B4615A811461A4603F026FC0023012481
:10DD8000159800286A4DBCD1169CBAE7119E1996C9
:10DD90003420189005991791169000201590654829
:10DDA0001A9015A8149C2146F4F778FA15A80B9937
:10DDB00001811995604918913E211D9102211C9104
:10DDC0001A211B915D491A910C99FDF780FD10985D
:10DDD00000F0C8FD564DFBF79CFE5F2233E0412268
:10DDE00031E01346413B192B03D31346303B092B3B
:10DDF00025D2521C26E00A202071FDF7D1FF042213
:10DE00004254FEF752FE0E202070FDF7C9FF192084
:10DE10006070FDF7C5FF02206071FDF7C1FF392278
:10DE200011E020220FE05A220DE01346313BDBB215
:10DE3000092B06D31346423BDBB2192B01D3202218
:10DE400000E0521E3E4B0A5414221098194600F06E
:10DE500093FD03200690010215A80F9101811894EB
:10DE600009210D911D911E211C910B241B943549F4
:10DE70001A91642111911691294601251595199140
:10DE8000149E3146F3F7CAFE2A481A901095199548
:10DE900018947F200290179016943546002415940C
:10DEA00015A83146F4F7FAF90A98C0011399081831
:10DEB00001468031099101468A3104910146F431CD
:10DEC00003918C30059015231299042C00D1B7E1F1
:10DED0004868139424184D7E052C00D3B3E1DE1F4F
:10DEE000002D134D15D112980068844211D10020E5
:10DEF00019900D9818907C20179016960220159076
:10DF000011481A9015A814991D46F4F7F5FA2B46F6
:10DF10000E4D02A164000C5B6400A74419004C0183
:10DF2000B400ED009F00C046E83D0108043201083E
:10DF300002020102020101005C330108ED3D01080B
:10DF4000980800009A36010801020100020200024E
:10DF50000B9615A80F9E0681F34918911D93042175
:10DF60001C9105211B91EE491A9111991691109956
:10DF70001591199514991C46F3F750FE0A98142828
:10DF800000D39BE115A80A220C92099903F01CFB0F
:10DF90001699179A159B15A806811995E24D1895A3
:10DFA0000E941D9428251C95002B0C9B00D1134624
:10DFB0001B93EE4A00D10A461A92119916911099B4
:10DFC0001591149D2946F3F729FE1298407E0028EA
:10DFD000139C0E9E00D12EE129461298C468D548A4
:10DFE0001A90002019900D981890082017900B98FF
:10DFF00016900625654328462730159015A8F4F796
:10E000007BFA092C00D96DE10998005D40A90870E0
:10E0100015A8109E324603F0D7FA1699179A159B49
:10E0200015A80F9C0481C44C1994BF4C18940E9CE5
:10E030001D9428351C95002B00D116461B96CC4A02
:10E04000149D139C00D10A461A92119916911099A9
:10E0500015912946F3F7E2FD0E9EECE015A80F9905
:10E060000181B14918911D9304211C9114211B9128
:10E07000B5491A9111991691109915911995149DF8
:10E0800029461E46D4E00A98142800D327E10398B5
:10E090000078042100280C46AE4A07D00A2800D395
:10E0A0000A20C000A74C2258201844680C940E92F5
:10E0B00015A80F9A02819C4A18921D931C91072162
:10E0C0001B91A5491A9111991691109915911995BD
:10E0D000149C21461E46F3F7A1FD15A80F99018156
:10E0E0001995914918911D9634211C910C991B91F9
:10E0F0000E991A91254696E00E93904840904190D3
:10E100000A98142800D3D9E00598006840AE31463B
:10E1100001F0D0FE15A808220B92314603F054FA04
:10E12000169808901798079015980C9006981B90D1
:10E1300015A80F9E068119957B4918910E9C1D9478
:10E1400004211C9181491A911199169110991591E8
:10E150001499764A90470B9A15A806811995724929
:10E1600018911D9418211C910C99002900D1079A2F
:10E170001B92734900D108991A9111991691109C1C
:10E180001594149E3146694A904715A80F9901814C
:10E1900019953546644918910E9E1D964A211C9189
:10E1A0000D991B916A491A91119916911594294656
:10E1B0005E4A90473EE00A98142800D38FE0049806
:10E1C0000078032807D28000654909580C916549F9
:10E1D00008580E9003E00C200E9060480C90524AB4
:10E1E0000F9915A8018118921D9304211C910521F6
:10E1F0001B915D491A9111991691109915911995D4
:10E20000149C21461E46F3F709FD15A80F990181BC
:10E210001995454918911D9628211C910E991B911D
:10E2200025460C991A91119916911099159121462C
:10E23000F3F7F4FC139C641C09361299334644E648
:10E240002C464D7E00E0149C3949029A1098199092
:10E250003420189017921690002015901A9115A846
:10E260002146F4F71BF8E8070CD015A80F99018197
:10E270002D4918913E211D9102211C9119211B91BC
:10E280003D490BE015A80F990181274918913E21BE
:10E290001D9102211C9119211B9136491A91119946
:10E2A0001691012115911F4919912146F3F7B6FCEA
:10E2B00049B0F0BD0020242203F042FA14210A984C
:10E2C00003F046FA0B2100E00E21139803F040FA08
:10E2D00014210E9803F03CFA294603F031FA142178
:10E2E00003F036FA0A2100E00821204603F030FA54
:10E2F000092103F02DFA1421104603F029FA0A210E
:10E30000284603F025FA1421EFE7082103F020FA4C
:10E310000A2103F01DFA1421F2E703F022FAC046A5
:10E32000A536010802020102043201081D1C000882
:10E33000020101000102010002020002303030300F
:10E340002A2B0108F03601085B3701084F37010816
:10E3500052370108782A010848370108BF360108FA
:10E36000B0450108A4450108CB360108AA360108CA
:10E37000B43601086F37010888370108F8B504AFD3
:10E38000CCB2641EA40002A52D590446AF46C04677
:10E39000B1E30008A1E30008A5E30008AFE300082B
:10E3A000441C05E0047B002C0FD0841C00E0C41C3E
:10E3B0000025655756B2012E01DB182D05DC002E15
:10E3C00007D51726F643B54203DA184600F002FADD
:10E3D000F8BDC17213498180A91848B21822D243EE
:10E3E000904200DC1046192800DB19202070090635
:10E3F0000AD040B2142141437D200001091819229E
:10E40000184600F0B9FAF8BD3E20185C002805D087
:10E4100005490222184600F021FAF8BDAF2001019B
:10E420003C22EDE7DC05000078400108FEB506AFB0
:10E430000C4606462820012131540291CD02304677
:10E440002830019000200C2802D03552801CFAE7B9
:10E4500030460C300021114A0C2902D04252891C4E
:10E46000FAE7304618300C2104F0B4F90299019A09
:10E4700051700B49B1840021F1843E21615C002977
:10E4800005D008490222204600F0E8F9FEBD983583
:10E4900064222046294600F06FFAFEBDFF0F0000FF
:10E4A000FFFF0000E4400108FEB506AF00931646EA
:10E4B0000D460446F868019039694018029001A899
:10E4C00002F058FA00212177A5616661B9682161DF
:10E4D0000099E16020600298A06001986060FEBD34
:10E4E00080B500AF0246C8B2810001A359588F46DB
:10E4F00025E5000801E500080DE500081BE500081A
:10E50000D069411E02468A41801A07E0D069411E47
:10E5100002468A41801A400880BD506A02498842FA
:10E5200000D3084680BDC046FFFFFF7FF0B503AFB4
:10E530000124E5040E4E35600E490A688123134319
:10E540007E2293430B600C4A8023136000BFE405D6
:10E5500014603560C0B23F2800D33F200D68FF260D
:10E56000B54328180860136000BF1460F0BDC046B2
:10E570001804004814100048180C004880B500AF7B
:10E5800001060A490BD008220A60C2B26421642A3B
:10E5900000D30A460648504304F050F803E0012037
:10E5A000C004086000200349086080BD18140048BA
:10E5B000E703000040040040FCB505AF01210091D5
:10E5C000CA050023144D154E082B22D00099C9040A
:10E5D000104C2160B02101931943317080242C60CC
:10E5E0002A60042131702C602A60102131702C6067
:10E5F0002A600821074B19600021802905D0435C5F
:10E6000033702C602A60491CF7E78030019B5B1C4B
:10E61000DAE7FCBD18040048180C00481410004844
:10E62000F0B503AFFFB08EB00D460B9040C9FF248C
:10E630002246D0320DA8099203F074FF75208000A5
:10E64000285808900A942046D4302D5C009587AC59
:10E6500001220C920323069320463146F2F711FB68
:10E6600081A8202205922146FAF76AF9002407952D
:10E670000095019487AD284631460C9A069BF2F727
:10E68000D7FA84A82946059AFAF75AF9304600F0D5
:10E69000D7FC43480B99081805900846A43004900D
:10E6A000069608360396304600F0CAFC02912346CF
:10E6B0002146E02C10D01A4625460359002B06D1DE
:10E6C0004319DE68531C2C461C34002EF1D0531C19
:10E6D0001C352C461146ECE7E4228150EFF3108004
:10E6E00072B6304A11680223994311602E49C04620
:10E6F0000139FDD111692D4B0B401361272189028E
:10E7000013680B430C9DAB431360516800245460A5
:10E71000E90393690B43936180F3108802990868B9
:10E72000401C0860039800F08BFC0390BFF35F8FE0
:10E73000F42206998850BFF35F8F0B9D2846243042
:10E74000802103F0F8FA87A806900A3081A90C22EC
:10E7500003F040FB0520059E039931502846B43054
:10E760000DA9099A03F0DEFE08980C9970500798DD
:10E7700030702C80A81C1622069903F02BFB18354C
:10E7800084A80EC80EC50A98000609217050049886
:10E790008460C46004607473FE1F053EB546F0BD1E
:10E7A00083020000405C004081BB00000700FFFFC7
:10E7B00080B500AFC2B2022A01D8012200E0C21E19
:10E7C000D3B2012B03D1890000010843421C10463B
:10E7D00080BDD4D480B500AF3E21415C002904D077
:10E7E0000449022200F03AF880BD03492D2200F0CE
:10E7F000C3F880BD604001084C04000080B500AF44
:10E800003E21415C002904D00549022200F026F88F
:10E8100080BD4B214901502200F0AEF880BDC046BA
:10E820006C40010880B500AFC00711D089B26429DF
:10E830000ED3084803F002FF421E0749CA6240088F
:10E840004863486A904201D90020486281200860EC
:10E8500080BDC04640420F00002C0140F8B504AF17
:10E86000044606463A36F078012814D115460622A9
:10E870006A43204603F0AEFA0020B0707570307025
:10E88000A08820876288E2862188A1866086228609
:10E89000F078FFF7C7FFF8BDB0B502AF3A24BD6806
:10E8A00005550387C2868186438602863A30002258
:10E8B00082704270C078FFF7B5FFB0BDD0B502AF2F
:10E8C00089B203463A33028E002A04D08A4209D91B
:10E8D000511A0186D0BD428E002A20D08A4210D91A
:10E8E000511A0CE01E4900220A604A6202860A613F
:10E8F0001978002902D15978002910D0018F41865A
:10E90000D0BD002141861A78002A09D0511E197005
:10E91000C18E0186DA78818E1046FFF783FFD0BD65
:10E920005C78002CFBD09A78521C9A70D2B2A2422A
:10E930000ED2072A0FD806215143421854889288D4
:10E940000287415AC486818642860486D878E4E7E5
:10E9500099705970D0BD0821104602F0F9FEC046EA
:10E96000002C014080B500AF02490F2200F004F8EE
:10E9700080BDC046CA080000DCB504AF3B240023BC
:10E98000035504463B3463700093FFF785FFDCBDFD
:10E99000B0B502AF0446FAF7B5F805462046983000
:10E9A00040210A22F2F798F9A82038212150A4200A
:10E9B00008492150AC2002212154892000212154F2
:10E9C00020468930FF22C2722046AC30457021605B
:10E9D000B0BDC0469A41010880B500AF006800682C
:10E9E000BFF35F8F002800D080BD222002F0ACFE74
:10E9F000D0B502AF044C20460C30FFF7EDFFA17CF0
:10EA0000002202F0E8FAD0BD2C030020F0B503AFDD
:10EA10008FB00D46044606461E3670300290002028
:10EA200030280BD003A900220A5409184A710A7130
:10EA3000CA7064238B704A70801DF1E720467530E0
:10EA40000B2103F0C7FE244820812448A0802448DD
:10EA50002060681C0190C0B20A25294603F0EEFD33
:10EA600045433030A0710198401B3021019108438B
:10EA7000E07120460A300D2103F0ACFE0620194952
:10EA800031501620184931500025758035801748BF
:10EA9000A0831748A06105200090E0751548B0805C
:10EAA0004B208004A562E062012070827D20C000BE
:10EAB000608611487083E587A5876587403403A980
:10EAC0002046019A03F086F902990D7100988002A0
:10EAD00008600FB0F0BDC046202000004C200000B0
:10EAE0004D4F444564464646070805064B64000002
:10EAF0000000193264640000090A0000F0B503AF99
:10EB000087B0039316460C4605460846FFF764FF98
:10EB10000146A07942B2002A02D43848288060E039
:10EB200002957F221040072862D81C2242438D188C
:10EB3000EFF3108272B6E868002854D0686940008C
:10EB40000399814204D9022002994870012045E0CE
:10EB50000192A87EF9F73EFF00688006800F401EF4
:10EB6000022820D22C696969002206920094039A37
:10EB7000334604950E46012A1AD9187805905D7817
:10EB80000220194602F0F4F90A463146069EB142C7
:10EB90002BD003462802059D40192080A41C761C1A
:10EBA0000696049DE6E7002002994870012014E0D3
:10EBB000039A06D10698B0421DD21C784100009BF2
:10EBC0005C52A87EC0000E494252A87E0321144622
:10EBD000F9F7EAFE02994C600020019A087082F36E
:10EBE000108807B0F0BD02F0B7FD084602F0B0FD96
:10EBF000082102F0ADFD314602F0AAFD010500003A
:10EC000002600040F0B503AF85B01C460546002009
:10EC100004900392029138690190F868B9680091F4
:10EC2000002803D0411E02A802F0A0FB02A829463A
:10EC30004CC84CC1EC602C61009868610198A861D7
:10EC400005B0F0BDF8B504AF012314461C40009494
:10EC500010D10C68A5189E02B54202D9042141705A
:10EC600006E00D605108054AA21842608160002349
:10EC70000370F8BD684602F0A3FCC0460060004087
:10EC8000F0B503AF8BB01D4609920C460646084608
:10EC9000FFF7A2FEA27951B200291FD40596072AD8
:10ECA0007BD81C215143EFF3108372B64258002ADF
:10ECB0006DD0049340180390807EF9F78BFE0068B6
:10ECC0008104890F01D000040CD4002005994870FC
:10ECD00001200870049880F3108801E032483080E9
:10ECE0000BB0F0BD039CA07EF9F774FE01682F4ABB
:10ECF0000A4080320260A07EC0002D49405A2D4952
:10ED000001408D4201D20220E0E700263046029108
:10ED1000099A2B4602F081FF03460A466068A16803
:10ED200001900691012A21D9B14232D014463546CC
:10ED30000990099800880AA90791088000200226F6
:10ED400031461A460893234602F067FF079A334676
:10ED500002F077FB30460899224602F014F9034688
:10ED600009980A46801C6E1C0699DBE7039A05D1B8
:10ED70008E4216D270000199085A1870907E0321B5
:10ED8000F9F7FCFD0599029848600020A1E702F020
:10ED9000E3FC0698014602F0DBFC0821104602F075
:10EDA000D7FC304602F0D4FC010500000F0FFFFF36
:10EDB00006600040FF03000080B500AFBFF34F8F37
:10EDC0000720000204490A6802400448101808603D
:10EDD000BFF34F8F00BFFDE70CED00E00400FA0524
:10EDE000F0B503AFA1B009AB07C3F9F78BFE0890EC
:10EDF0000CAD2846203008210791FF22F1F76CFF67
:10EE0000F9F780FE06904020059000902948011DEA
:10EE100004911EAC00260523039320463246F1F7E9
:10EE200030FF28462C300F2202922146F9F788FD48
:10EE30000598009001961EAC204604993246039B2B
:10EE4000F1F7F6FE284638302146029AF9F778FDA8
:10EE50004420089929542846443006994170468038
:10EE6000AE710798A8800F9612964B20C0010C90A7
:10EE7000099C2046503080220A9902F0ABFF2046C0
:10EE8000D83001214A020B9902F0A4FF2046083035
:10EE90004822294603F046FB5B20C0002650D021C3
:10EEA0006650201846602046D0304660266021B06B
:10EEB000F0BDC04630070020F0B503AF87B0044670
:10EEC0000068022801D0002300E063685B20C100D5
:10EED000605866187168814211D1002B3FD02146DD
:10EEE000403105AE01220025304604922B46FFF743
:10EEF00005FE3078012824D00498206036E0228F67
:10EF0000092B039200D9521E049392B20D1A954216
:10EF100000D31546291801235A02A94229D3914248
:10EF200027D80191009302962146D8310A1821462C
:10EF3000403105AE30462B46FFF7E0FD3078002823
:10EF400002D005A8457811E0029801990160049863
:10EF5000401C60600398854205D0009804E00020C2
:10EF60002060FF2502E0022020600025284607B02F
:10EF7000F0BD02F0E5FB80B500AFB021425824306F
:10EF8000002102F072F980BDBCB504AF04460088D0
:10EF900006280DD1214618316D460122002328464E
:10EFA000FFF7ACFD2878012804D168464078BCBD45
:10EFB0000720BCBD08202080FF20BCBDF8B504AFF1
:10EFC000044689B288002368002B024600D01A4606
:10EFD00093089BB2CD1AEE177540AD1B062D01D2DA
:10EFE0005018C01A2060800882B2E188501A7D2330
:10EFF000DD0068438A420DD92289511A89B26429F9
:10F0000000D8642103F042FCC1178843A84210DBFA
:10F0100028460EE0A288891A89B2642900D86421A2
:10F0200003F034FC01460548814200DC0146C81764
:10F030000840A17A002900D04042F8BD18FCFFFF2B
:10F0400080B500AF01460068002804D10020C2430B
:10F05000084604C080BD02F084FBD4D4D0B502AF12
:10F060000146EFF3108472B6034862301C2202F0AE
:10F07000B1FE84F31088D0BD70060020F0B503AF58
:10F08000EFF3108172B6224A137883423CD010709D
:10F09000002839D01F48204A13460468240603D5A7
:10F0A0005C1C002B2346F8D1012425071B4B1D6057
:10F0B00000BF00BF15460668360603D56E1C002D3E
:10F0C0003546F8D115460668B60703D46E1C002DE8
:10F0D0003546F8D1A025057115460668F60703D117
:10F0E0006E1C002D3546F8D1057905682D0603D52F
:10F0F000551C002A2A46F8D100BF00BF2003186023
:10F1000000BF00BF0648186081F31088F0BDC046FC
:10F11000080B002008300140F0D8FFFF181000480D
:10F1200000030003F0B503AF87B0EFF3108572B6AC
:10F1300049230F4AD35C022B04D101A90222CA72CF
:10F1400004AA0BE00095343201AB1C4662CA62C4CB
:10F15000D97A04AA022900D01A46009D00210691FE
:10F16000059104911ACA1AC085F3108807B0F0BD42
:10F1700000000020F8B504AFEFF3108472B6492602
:10F18000174DA95D022927D000280CD04821002066
:10F19000685444216854432101226A5447216A5427
:10F1A00001F088FA18E048200121009129544420F8
:10F1B0000021295443202954462029521F2001F0C0
:10F1C00079FA009AD0436969491E814203D3100439
:10F1D000298A08186861AA5584F31088F8BDC046CA
:10F1E00000000020F0B503AFEFF3108172B64923A1
:10F1F0000B4AD35C022B10D04024002313533F242E
:10F2000013550124E543461EAE4200D31C46482553
:10F210005455002800D1D843506181F31088F0BDC7
:10F2200000000020B0B502AF11490A68920719D555
:10F230004C22104B104C622A05D09D18343D2D886D
:10F24000A552921CF7E70F224A600C4A182313605C
:10F2500000238B600B23CB60094B8B6091680423E8
:10F260000B43936004494C31162202F0B3FDB0BD4C
:10F2700000000240080B002070060020002401401E
:10F280008125000080B500AF0C488078012812D19C
:10F29000EFF3108072B60A490A4A515C128880F373
:10F2A00010880948121A501E8241C8B2811E484275
:10F2B0004841104080BD002080BDC046080B0020A2
:10F2C0008E0200002C030020FFFF0000F0B503AF0A
:10F2D000FDB002920391024605A820490183062051
:10F2E0000A901F480990B8680890079338690690FB
:10F2F000F8680590072081010CA80091451871203D
:10F300008000049210180190002426462C601C2EC8
:10F310000BD005A881191C2254430CA8001902F037
:10F3200059FD1C362868441CF0E7049D281D0CA9D3
:10F33000009A03F0F7F8322001218907094A019B5E
:10F340009A60D96018610298D880039898801C60F0
:10F350000548001D28607DB0F0BDC04609040000CE
:10F36000944101081000000230070020D4D4D4D406
:10F37000F0B503AFB74EB544C0B2002604280890DC
:10F3800000D330460B90964988700122D1079548EA
:10F390000A9101600C92D305934AD0681843D0605B
:10F3A000924806600920C506286891490840052151
:10F3B000069189054018286003200990C006A861BD
:10F3C0008C48C046C046C0460138FDD1106807933E
:10F3D00018431060884C20460138FDD110688749D9
:10F3E000084010608648022105910170F04385496C
:10F3F0000860854806608548854901808548CE219A
:10F4000002F099FC76484670934868440B990029AD
:10F410006CD01D2109010B91401804902868744993
:10F4200008400699C90501432960FF263003696A2F
:10F4300081436962C046C046013CFDD16A49C86843
:10F44000079A1043C8600020844969440C9B08282F
:10F4500007D088760E760022CA600A601C31401CF4
:10F46000F5E700259802684C28C420606560083CD8
:10F470002046103079496944E02203F053F8F8201F
:10F480002550F4202550F0204021215008980128D3
:10F4900037D002284FD1734868440890802102F089
:10F4A0004AFC0C984102FFAD6835284602F043FC47
:10F4B0006B4C6C44204608992A46FFF791FC1720B4
:10F4C00042015048214603F02DF80A20029052488C
:10F4D00001900D20009083AC5049514A514B204679
:10F4E000FFF7F4FE0B98059921545BE03E49C8688C
:10F4F000424A1040C8600F208005296801432960F6
:10F5000069E0574C6C442046FFF742FA3C48B02271
:10F51000214603F007F80A200290434801900F208B
:10F5200000900DAC4149424A424B2046FFF7CEFEC7
:10F530000B98255436E04B4868440B90FFF728FAA7
:10F54000F9AD8021284602F0F6FB0C984102FFAC91
:10F550006834204602F0EFFB414868440890294691
:10F560002246FFF73DFC2648B0220B9902F0DAFF55
:10F57000172042012348089902F0D4FF0B20029083
:10F580002D4801900C200090334C6C4427492B4AA5
:10F590002B4B2046FFF79AFE04990C98C87188708F
:10F5A000284808802E4D6D4428462146FFF738F83C
:10F5B000A52082001548294602F0B4FF30062249F2
:10F5C0000A68824309988007101808601F480A9942
:10F5D00001601F480160FE1F053EB546F0BDC046F4
:10F5E000080B002080E100E010100240585C004051
:10F5F000FFFF3FFC01093D0081BB0000FFFF7FFFD3
:10F60000C00500204C000020300700202C03002003
:10F61000FFFF00002C080020F841010883040000CF
:10F6200040570000EB410108E141010809120000C8
:10F63000544F0000D24101080E4201086849000001
:10F6400002420108EF0200001CE400E080E200E05A
:10F6500000E100E054F3FFFFF4090000CC0B0000D0
:10F660001407000064060000F0B503AFADB00493CA
:10F670000A910446E8488678002E00D1D8E2EFF3DC
:10F68000108172B6E548038881F31088E4498B4203
:10F6900000D1CDE2E349405C022800D0C8E202205C
:10F6A00030430328039400D00AE1DB488068201A25
:10F6B0000A2800D201E1D8488460EFF3108072B6C6
:10F6C000D9490978022900D1F5E000910890107815
:10F6D000811E484248415178012900D1801C0229ED
:10F6E00000D1001D9178012900D10830022901D1F3
:10F6F00010210843D178022901D12021084300219B
:10F700001422CA4B1C2A0ED00A9CA45A9C4201D82F
:10F71000002404E08C1D0F2525400124AC4020432B
:10F72000491C921CEEE70DAD2870000A68707D211F
:10F73000CC000A980088A04200D8204609018842DF
:10F7400000D308460991BA494843BA4940182146AE
:10F7500002F074FF0790A8700A984088A04200D871
:10F7600020460999884200D30846B1494843B14927
:10F770004018214602F062FF069028710A9880889E
:10F78000A04200D820460999884200D30846A849DB
:10F790004843A8494018214602F050FF0590A8713F
:10F7A0000A98C088A04200D820460999884200D310
:10F7B00008469F4948439F494018214602F03EFFB2
:10F7C000029028720A980089A04200D82046099920
:10F7D000884200D308469649484396494018214636
:10F7E00002F02CFF0190A8720A984089A04200D82C
:10F7F00020460999884200D308468D4948438D49DF
:10F800004018214602F01AFF28730799090AE97087
:10F810000699090A69710599090AE9710299090AA3
:10F8200069720199090AE972000A68730A98808965
:10F83000A04200D820460999884200D308467C4956
:10F8400048437C494018214602F0F8FE0790A8730F
:10F850000A98C089A04200D820460999884200D35E
:10F860000846FB494143FB480818214602F0E6FEE2
:10F8700028740799090AE973000A6874F3494878FB
:10F880000028039C0CD0AC20085C012805D002287D
:10F8900006D00098002803D10CE00098002809D178
:10F8A000A020085CFF2805D098310BA80DAA1223D0
:10F8B000FFF724F9089880F31088012E00D1B7E1F2
:10F8C000EFF3108572B6E4480068401C00D1ADE14A
:10F8D000DD484078002806D10120DB494870DF4828
:10F8E000AA21F2F701F9B8680190F2F70FF8DC4E9F
:10F8F000C422B058C0217158884200D186E17F28C7
:10F9000000D997E1315C401C7F230340B350CD23E5
:10F91000F05C002809D0C82000213150CC203152A1
:10F920001821E748F2F7E0F8E2E7082905D00A29AC
:10F9300011D00D2916D07F2947D1CC200021315478
:10F94000C82031580029D3D0491E31500321C54861
:10F95000F2F7CAF8CCE7CC20315C002232540029FF
:10F96000C6D102E0CC200121315405930221BE48CA
:10F97000F2F7BAF8C8203158002900D11CE10290F2
:10F980003046803001F068FC02460B460DA8114657
:10F990001A4601F019FE002101200D9A002A00D11B
:10F9A0000E9800D10F99F8F75BFF04460E4604232A
:10F9B000AE4AF8F731FF00281BD0FF211631BE48B0
:10F9C000F2F792F8039CA64EF3E0C8203258402A82
:10F9D0008ED2CC230024F454039CB2188023D1543B
:10F9E0003258521C32500DA801700121F2F77CF8F8
:10F9F0007EE70623204631469D4AF8F70DFF002892
:10FA00001AD02521A948F2F76FF88F48C07800284E
:10FA10007DD02F21A7487CE0080B00202C0300207C
:10FA2000FFFF00008E020000C0050020D606000087
:10FA3000FF070000E8C3E0FF0823204631468D4A57
:10FA4000F8F7EAFE00286ED000950DAD802128461B
:10FA500002F071F90021072428460D46224601F0E4
:10FA60007BFC8F4A234601F0ECFC7D4E1C2D68D0B8
:10FA70000A98465B002D08950CD0621C802A09D894
:10FA80000DA82146069201F067FC0123854A01F08A
:10FA9000D8FC00E006940A243046214602F0CEFD50
:10FAA0000546214602F060FF3020079001430BA875
:10FAB000099081706421304602F0C0FD214602F0B9
:10FAC00053FF079A1143099B59706543701B1043FC
:10FAD0001546D8707D20C100304602F0AFFD2146AA
:10FAE00002F042FF29430998017006990C1D812CF0
:10FAF00008D20DA8224601F02FFC0BAA042301F026
:10FB0000A0FC00E00C46564E089DAD1CAEE7272138
:10FB10006748F1F7E9FF039C514E0A980499019A4E
:10FB2000F1F7F2F845E0052320463146524AF8F74E
:10FB300073FE002812D00A980499019AF1F7E4F8AC
:10FB400040E77C2C2CD8251D0DA821462A4601F023
:10FB500003FC0423544A01F074FC22E006232046EF
:10FB60003146464AF8F758FE00280FD108232046B0
:10FB70003146434AF8F750FE002807D10C232046AF
:10FB80003146404AF8F748FE00281FD00120344E85
:10FB90000599705436214148F1F7A6FF039C08E00F
:10FBA00025460DA8294601F06FFBF1F79DFF039C48
:10FBB000009D0020029970500598305C002800D00C
:10FBC00096E605213D48F1F78FFF91E6092320468F
:10FBD00031462D4AF8F720FE002806D00020204E9E
:10FBE000059970541E212C48D6E70623204631463D
:10FBF000264AF8F711FE00281FD1002E039C184E4C
:10FC0000D7D01E212248F1F76FFFD2E70E48C06817
:10FC1000201A64280AD30C48C460CD20305C012827
:10FC200004D10A980499019AF1F76EF885F31088C7
:10FC30002DB0F0BD802101F08BFD16480E21F1F7AB
:10FC400053FFFFF7B9F8C046080B0020C00500209D
:10FC5000FF070000E8C3E0FF4C00002090290108E6
:10FC60002C080020EF2E0108E82E0108D82A0108F0
:10FC7000142B01086A2B0108DA2B0108DF2B01087D
:10FC8000422B0108E52B0108F12B0108FA2B010892
:10FC9000002C01081E2C01082C2C01084A2C0108FC
:10FCA0003A2A0108412A0108F02A0108802C01089B
:10FCB000A52C0108CC2C0108FB2C0108EA2E010818
:10FCC000F22E0108FFB507AF08200390072002902D
:10FCD0000620019000201A4C034601460C2B25D02B
:10FCE000009101AAD2581F25154010226A40012117
:10FCF0000E46964026609622002A02D000BF521E71
:10FD0000FAE7A9400F4A1568216064220099002A89
:10FD100002D000BF521EFAE72A0B0F2595438A072F
:10FD2000120F95402843491C1B1DD7E70649096857
:10FD3000490702D401210903084304B0F0BDC046BD
:10FD400018080048100C004810140048D0B502AF45
:10FD50000C48026801210A43026002689207FCD540
:10FD6000002242600368084C1C4004608260D34358
:10FD7000C360C26003610261142343618161C26197
:10FD8000D0BDC04600100240FFFFF6FE80B500AFB8
:10FD9000FFF7DCFF13490020086048608860C1431A
:10FDA000114A1160114A116072B6BFF34F8F104BA8
:10FDB0001C680122144302218C431C60BFF34F8F47
:10FDC000BFF36F8F0B4B1C685B68134362B6EFF396
:10FDD0001480884380F31488BFF36F8F84F30888FE
:10FDE0001847FEDE10E000E080E100E080E200E085
:10FDF0000000014000C8FF1FF8B504AF04461B4DCA
:10FE0000E87884420CD01A4E3170EC70204600F035
:10FE1000CFFCAC7101207178A14214D0400713E0EF
:10FE2000002C15D0124E3078CAB2824210D03170F8
:10FE30000124EC70204600F0BBFCAC717078002807
:10FE40000FD060030EE040030A490860002C00D088
:10FE5000F8BD28463030162101F06DFF00206861A2
:10FE6000F8BD600703490860F8BDC046080B0020D4
:10FE70007006002018080048DCB504AF01204102DC
:10FE80000B4A50547F208000EE2111543F20C000C7
:10FE9000002111507D2080001150019100916C468D
:10FEA000204600F0FFFC0621204600F069FCDCBD86
:10FEB000FC080020B0B502AFC91D0022064B202A65
:10FEC00008D00446D4400F2525405C5D0C70121DFF
:10FED000491EF4E7B0BDC046242E0108FEB506AFAA
:10FEE0000E460291019085B27D20C100284602F0A5
:10FEF000A5FB3024204330700A262846314602F004
:10FF00009DFB0090314602F02FFD21430298817045
:10FF10006421284602F092FB314602F025FD214380
:10FF2000029A5170009846430198801B2043D0707C
:10FF3000FEBDD4D4FEB506AF0C4641B2002901D4B3
:10FF40002B2200E02D222270C9114840401AC5B270
:10FF5000632D03D931206070022602E00126092DAD
:10FF60000AD90A21284602F069FB642D00D30A3819
:10FF700030210143A155761C0A21284602F0F4FCE9
:10FF800030200843A055A01925214170B21C6846B5
:10FF9000214601F019FB03210098002802D10198A5
:10FFA00002D002E0024800D1029903B0F0BDC04681
:10FFB00024420108F0B503AF85B00E46C5B2632DEB
:10FFC00008D96421284602F039FB30210143317001
:10FFD000012402E00024092D0DD901960A262846A5
:10FFE000314602F02BFB3146019E02F0BDFC302071
:10FFF00008433055641C0A21284602F0B5FC302025
:020000040801F1
:1000000008433055301925214170A21C02A8314601
:1000100001F0DAFA02210298002802D1039802D0F6
:1000200002E0024800D1049905B0F0BD2742010862
:10003000F0B503AF8FB0049202467D200590C0005A
:1000400095B2854200D30546C8B209283FD11C7A33
:100050000A210846029460430E90DC794C430194D7
:100060000D949E794E430C965E794E430B961E7905
:100070004E430A96DE784E4309969E784E43089684
:100080005E784E4307961B780093594306916A4B5E
:10009000F93394B203949C4200D9C6E01004084698
:1000A00000D1C2E07D21284602F0C8FA0146F920BD
:1000B000C0437D3048434019049A002A3AD0039A3D
:1000C0007D2A4DD21422009B5A43921B4DE01C798D
:1000D0000A210846029460430A90DC784C4301945C
:1000E00009949E784E4308965E784E4307961B7897
:1000F000009359430691504BF93394B203949C42B8
:1001000000D992E01004084600D18EE0FA2128467A
:1001100002F094FA0146F920C04348434019049A7A
:10012000002A10D0039AFA2A2DD21422009B5A4397
:10013000921B2DE0890006AA545851184968091BE2
:1001400048437D2107E0890006AA545851184968A0
:10015000091B4843FA2102F099FB0019C11763E01B
:100160008A0006AB9A18121F12680492324B89005B
:1001700006AA5558009551184D687D33039A9A4246
:1001800013D2896816E08A0006AB9A18121F12680B
:100190000492294B890006AA5558009551184D68BC
:1001A000039A9A420AD289680DE01421029A5143B7
:1001B000019A891A039100027D2107E01421029A15
:1001C0005143019A891A03910002FA2102F05EFB61
:1001D00001464143090A02464A43D3171B0ED2186F
:1001E0001212530003264E43F41A6C439B1B012644
:1001F00036029B19009E7343E3184C00001B8018C5
:10020000049C2C1BE50F6419641044431819511AFF
:10021000039A921BD30FD21852104A438018C11769
:10022000090E4018C117001288430599C900884279
:1002300000D308460FB0F0BDEE020000B0B502AF2B
:10024000262314490022CA5401238B738B76036939
:100250008B60838A8B8183694B61838B0B83036AF9
:100260000B620B4640339A72848C8C84048D322549
:100270004A553E254A559C80428DDA80828D1A81EE
:10028000026BCA62828E0A86826B8A63808F88873D
:10029000B0BDC04670060020F0B503AF8FB0044675
:1002A00009AD2846FEF7BEFF0999434E301D434A6B
:1002B00090470890698830461030404A9047079030
:1002C0000A9930461C303D4A90470690E9883046EE
:1002D00040303A4A904705900C9930462830374ACA
:1002E0009047364A0390E98934363046904701906A
:1002F000A98A64204843FF21A63102F09FF90A2110
:100300004143C831688A02902D4E3068002806D0DB
:100310004209801A89B2C9000B18190A01E088B293
:100320000302288A6A8900922A890492019AE2814A
:10033000039AA281059A6281069A2281079AE28035
:10034000089AA280336021820122022108911D496E
:10035000029D8D42134600D3089B00211A4EB542E0
:100360000D4600D31D46E570164EB042134600D32D
:10037000089B154DA842084600D31846A070009D62
:10038000B542104600D308980F4B9D420B4600D350
:10039000034663700498B04200D3089A0A4B98420F
:1003A00000D311462170123409A91622204601F00B
:1003B00011FD0FB0F0BDC04670060020BDEF000873
:1003C000040B0020AA0A000055050000F8B504AF90
:1003D0001546CAB21E2A00D81E226421642A00D300
:1003E0000A4600B2504302F051FA0446280621D0D2
:1003F0006320C0436EB28642354600DC0546642D5C
:1004000000DB6425204660436043104902F03EFA59
:10041000002E08DD684364214A1B6243801802F005
:1004200035FA044606E0001B45436421284602F0E5
:100430002DFA04190648844200DC04467D20C000E1
:10044000844200DB04462046F8BDC04640420F000F
:1004500018FCFFFFF0B503AFC0B20B283ED8BC6854
:10046000850001A67559AF46D70401089904010813
:10047000AD040108B1040108A1040108B704010892
:10048000BB040108CD040108A5040108BF0401084C
:100490009D040108D304010800200AE0E07816E07A
:1004A000062006E07D20C00061780BE0022000E01D
:1004B0000420085EF0BD10B2F0BD18B2F0BD7D2082
:1004C000C000A17841430B480818F0BD20780028EF
:1004D00002D07D20C000F0BD0648F0BD01460C39B9
:1004E0000E2905D2F9688000081830380068F0BD80
:1004F0000020F0BD18FCFFFF80B500AFC0B2401E69
:1005000009281CD8784400794000874404100A0C5C
:100510000613150E1A08097814E0487808E0C87820
:1005200006E049780EE0487807E0887800E008782F
:10053000811E07E0897805E08878411E02E00120ED
:1005400080BDC9784842484180BDD4D4F8B504AFD5
:10055000EFF31081009172B6204A214B1360214BBA
:100560001360214C23469568ED0703D05D1C002BDA
:100570002B46F8D10223D3601C4B13614225D56072
:1005800026469168C90703D0711C002E0E46F8D18B
:1005900017491161D5609168C90703D0611C002C0F
:1005A0000C46F8D10024D4600121D160114D1521F1
:1005B00089018C420CD06100465A5E522E469168E9
:1005C000C90703D0711C002E0E46F8D1641CEEE75B
:1005D0008020D060009880F31088F8BD042002408D
:1005E00023016745AB89EFCDC0BDF0FF00F00108E6
:1005F00000F801086079FEFFF0B503AF2A492B4AE5
:1006000013460C68240603D55C1C002B2346F8D146
:1006100001231D07264C256000BF00BF15460E684C
:10062000360603D56E1C002D3546F8D115460E68EA
:10063000B60703D46E1C002D3546F8D1402528435B
:10064000087110460D68ED0703D1451C00282846A7
:10065000F8D1087910460D682D0603D5451C0028F1
:100660002846F8D110460D68AD0703D4451C002874
:100670002846F8D10020087110460D68ED0703D117
:10068000451C00282846F8D108790D682D0603D5A9
:10069000551C002A2A46F8D100BF00BF190321606B
:1006A00000BF00BFF0BDC04608300140F0D8FFFFDA
:1006B0001810004880B500AF0146282000F002F86D
:1006C00080BDD4D4F0B503AF2A4A2B4B1C46156825
:1006D0002D0603D5651C002C2C46F8D101242607D5
:1006E000264D2E6000BF00BF1E4615682D0603D59F
:1006F000751C002E2E46F8D11E461568AD0703D492
:10070000751C002E2E46F8D13F2528401071184642
:100710001568ED0703D1451C00282846F8D110794B
:10072000184615682D0603D5451C00282846F8D123
:1007300018461568AD0703D4451C00282846F8D193
:10074000117118461168C90703D1411C00280846D9
:10075000F8D110791068000603D5581C002B034609
:10076000F8D100BF00BF20030449086000BF00BFEC
:10077000F0BDC04608300140F0D8FFFF1810004817
:10078000F0B503AF4118084A084B88420AD00478F4
:10079000401C1D461668360602D46D1CFAD301E0D3
:1007A000D460F2E7F0BDC0461C4400403CF6FFFFB9
:1007B000F8B504AF0922D306284E294A294C2A4D00
:1007C000002834D001204204009126681643244AB0
:1007D00026602968254C2140C4020C432C6003216B
:1007E0008902AC680C43AC600F2109052C6A8C436C
:1007F0002C621968194C2140C00708181860D86885
:1008000020402018401CD860586A194908404018F8
:10081000401C586200201060506090600099491E92
:10082000C9B2022912D88900124B59580FE0002092
:1008300010600120400422688243226028680B492E
:1008400008402860186830401860F8BD7221D160F7
:10085000C04310620D201060F8BDC046FFFFFF3F8F
:10086000004400401C100240000C0048FFF3FFFF52
:10087000FFFFFF0FF845010880B500AFC1B20D2999
:1008800006D80006810D05484058054A515880BDDC
:100890000148032180BDC0466B3501083C46010874
:1008A00004460108D0B502AF0446EA2020710020BA
:1008B000E0702820A07004206070C8202070A01C68
:1008C000032100F02BF86071D0BDD0B502AF1C46FB
:1008D0009A715971EA211971D8702C2098700620EC
:1008E0005870C8201870981C052100F017F8E071A6
:1008F000D0BDD0B502AF1C469A715971EA21197169
:10090000D8702D20987006205870C8201870981C38
:10091000052100F003F8E071D0BDD4D4D0B502AF0A
:100920000022064B002906D0D2B2047854401A5D4A
:10093000491E401CF6E71046D0BDC0468142010862
:10094000F0B503AF8DB00E46044601AD28461C300D
:10095000114601F03DF91C222846314601F03AFAD1
:1009600030222046294601F035FA002020636063DA
:100970000DB0F0BD80B500AFF1F77AF80246084639
:10098000D10701D10020C04380BDB0B502AF0A46F7
:10099000091A10290DD282420FD000231A46C456DC
:1009A0004025ED43AC4200DD521C401C491EF6D1EF
:1009B00004E000F05DFD024600E000221046B0BDFC
:1009C000FEB506AF0D46044611200004097F00293C
:1009D00006D0EE6869698919E9602A69002112E088
:1009E000EE682A692B68591C12D0A8698019E86042
:1009F000281D02920193FFF7BDFF029A2860411C57
:100A0000481E81410198297726606260A060FEBD82
:100A1000401CF9E7D0B502AF537A012B20D1137AED
:100A2000012B1DD14C23C35C54889C4218D193796F
:100A3000212B16D19288072A13D10A88042A0FD1B4
:100A40000A46283283684B62837B1370437B537062
:100A5000007B9070CB88072208461946F8F71DF8EE
:100A6000D0BD0846F8F72AF8D0BDF0B503AF0B4665
:100A70000246046A416A057FDBB24069002804D05F
:100A8000167C9E4201D19169F0BD0020002C03D05C
:100A90009D4200D12046F0BDF0BDB0B502AF054685
:100AA000507A01284BD1107A012848D10C462846AB
:100AB0004C30017853888B4241D1917900293BD049
:100AC000202909D022293BD1117801220A408270C5
:100AD0008907C90FC1702FE02046FEF74CFA06299E
:100AE0002ED92046FEF747FA03292DD901784278FE
:100AF0001202511882781204C0780006801840183B
:100B0000A8602046FEF737FA052922D3007903288A
:100B100000D30020A8732046FEF72DFA05291BD923
:100B20004079052800D3002068732046FEF723FA99
:100B3000062914D9807928732046FEF725FAB0BD1E
:100B40002046F7F7BBFFB0BD0A460020042100F0A5
:100B5000F7FD042000F0FCFD052000F0F9FD062063
:100B600000F0F6FD80B500AF4622825CC9B291422A
:100B700001D1FEF7A1F980BDF0B503AF8BB00D46F2
:100B800004464C20265C087F012810D109AA0020C9
:100B9000507110710220D0709070507016700B213F
:100BA0000623284601F054F8C14309066AD1626958
:100BB000217C02912846069400240094511E8A410B
:100BC000019202223146134601F083F8C14309061F
:100BD00058D10596049424212B4A0323284601F07A
:100BE00037F8C14309064DD12421284A022328465B
:100BF00001F02EF8C143090644D1069C20464C3032
:100C000007AA059951700621117046789670242123
:100C10000323284601F01CF8C143090632D108AA73
:100C200096700498507001201070242103232846E8
:100C300001F00EF8C143090624D121462831284687
:100C4000EFF7A0FFC14309061CD1206A217F029162
:100C5000049B0093411E884101900A222846314698
:100C600001F037F8C14309060CD12146403128462E
:100C7000EFF788FFC143090604D1343428462146E2
:100C8000EFF780FF0BB0F0BD8143010884430108FA
:100C9000D0B502AFD022002181504E2281525B227A
:100CA000D2008150082301604B24E4018460C360BA
:100CB0008218D03041605160D0BDBFB506AF5388B7
:100CC0000446A434657AAB4229D19379557A012D33
:100CD00019D0002D23D1062B21D152781202120AED
:100CE000212A1DD0222A1AD10888042817D10846A3
:100CF000A4302368626803604260CB8808461946C6
:100D0000F7F7CBFEBFBD012B06D0022B04D0032B7F
:100D100005D1207A022816D10846F7F7CFFEBFBDCD
:100D20006B4622229A7101225A71DA7010229A704F
:100D300021225A7009221A706468DC71C078187117
:100D4000200A187202E003AB187001220846194607
:100D5000F7F7E8FEBFBDD4D4F0B503AFA5B00546A4
:100D6000107A012856D10C462846AC304178538879
:100D70008B424FD1917909290ED00A2947D00B29EE
:100D80001BD10178022918D0A97800293FD1117808
:100D90004A1E914101703AE01188880A01D004236B
:100DA00003E0080AC0001F4BC3402E4684369088DB
:100DB0000490802805D9002070712046F7F77EFE48
:100DC00028E00093019105A803908021029100F092
:100DD000B2FF04980399029A00F0C1F803900291BF
:100DE0002046FEF7C8F802460498814214D30398BF
:100DF0000299049B00F025FB281D05A9802201F023
:100E000091FB009870710198307104983060204611
:100E1000FEF7BAF825B0F0BD0B46002004991A463B
:100E200000F08EFC04010203F0B503AF85B00D465F
:100E30000446037806469436717E4078002200907E
:100E400001920322284600F044FFC143090615D150
:100E500003AA222010710120D07050701020107051
:100E600070695071E1789170000A90712121072317
:100E7000284600F0EDFEC143090601D005B0F0BDE3
:100E80003078FF2807D021468C312846EFF77AFECC
:100E9000C1430906F2D1307BFF2805D0983428469B
:100EA0002146EFF76FFEE9E7FF20E7E780B500AFE7
:100EB000014601222028104620D00846093805287E
:100EC00010461BD30020852918D30B0A13D0302BD2
:100ED00005D0202B08D0162B10D10B4800E0084875
:100EE00009184842484109E0C8B20649085C022195
:100EF0000140480802E0C8B20249085C104080BDC9
:100F000000D0FFFF8643010880E9FFFF80B500AFF6
:100F1000C168002904D0491EC16000F032FA0AE01D
:100F2000416900290DD0491E41610169491EC16016
:100F3000816900F01BFAC00703D0C8B2411E884186
:100F400080BD022080BD80B500AF06C80838914240
:100F500003DA4A1C0260012080BD002080BD80B5FC
:100F600000AF13460A460146002000F056FE80BD41
:100F700080B500AF824203D30B18111A184680BD0A
:100F8000114600F0DDFB80B500AF824203D30B18A1
:100F9000111A184680BD114600F0D2FBD0B502AF41
:100FA00002467F200840072812D8CCB21C214143BA
:100FB0005018807EF7F71CFD61B2002901D4000BA8
:100FC00000E0000903210140491E48424841D0BDCC
:100FD000082100F0BDFBF8B504AF15460C460646E7
:100FE000EFF31080009072B63046FFF7D7FF8542CE
:100FF00019D07F202040072819D81C2141437018A0
:10100000807E61B2002D03D0002907D4012102E0C7
:10101000002905D40321F7F7B1FC04E0012100E029
:101020000221F7F7C1FC009880F31088F8BD082171
:1010300000F08EFBF0B503AF87B01C4603917F2113
:1010400000910C40611C012508230292002A00D166
:10105000194600D12C461C2363430190C618FB1D82
:1010600001331D78FA68039800068C4217D2082CC9
:1010700071D2337EFF2B01D1357604E0022B00D8EC
:101080000423AB4208D1002803D0F368002B0DD015
:1010900002E03368002B28D0641C1C36E5E7029878
:1010A000002801D1032443E0052441E0FF20400053
:1010B000521C02400199E03104AD2846FDF7C2FD03
:1010C0002878012832D0264805990818069AB37E58
:1010D000DB00244D585301200C3607C65919002057
:1010E00048800099C9430C4323E090B23E2807D8BA
:1010F000401C7E2202403E210140480203900CE049
:101100000F214A011F3002408902400108401F217F
:10111000890240181449014303910199E03104AD5B
:101120002846FDF78FFD2878012805D104A84478CA
:101130000120214607B0F0BD094805990818069A14
:10114000B37EDB00074D5B199880012007C603982A
:10115000D8800020EDE70821204600F0F9FAC046CB
:1011600000A0FFFF006000400080FFFFF0B503AF6C
:1011700085B00D4604461C3102A800F03EF80298E6
:10118000012808D104980190039E2846FFF7BEFE6F
:10119000C0B2022801D1022002E0266001996160FC
:1011A000207205B0F0BDFEB506AF1D4601920E4699
:1011B0000446F9683046FDF793F90290B86829189B
:1011C0002846FFF7E2FB316AB269019BDBB2022BD2
:1011D00001D1F56902E0336B756B5D190023636122
:1011E000E560029D6D4228C48A185043083C401AAD
:1011F00000D218462061A060FEBDF8B504AF0E46CF
:1012000004460D460835B068F16888420ADA30466F
:10121000FFF799FE012807D02846FFF794FE3069B2
:101220003060F0E7002003E028686160A0600120E2
:101230002060F8BD80B500AF112900D280BD00202C
:10124000102200F07DFA80B500AF152900D280BDD4
:101250000020142200F074FA80B500AF412900D2BA
:1012600080BD0020402200F06BFA80B500AF8A42BA
:1012700004D3812A02D24018511A80BD8023084627
:1012800011461A4600F05CFA80B500AF812900D201
:1012900080BD0020802200F053FA80B500AF0346E5
:1012A0000A2208461946FFF763FE80BD80B500AFED
:1012B0000246017A0020002900D080BD0ACA083AFF
:1012C000994203DC03DA481C1060012080BD012034
:1012D000107280BDD0B502AF0446102308461146F7
:1012E000224600F09AFCD0BD80B500AF0346102224
:1012F00008461946FFF733FE80BDD0B502AF04465D
:10130000122308461146224600F087FCD0BDD0B516
:1013100002AF04460520830108461146224600F02C
:101320007CFCD0BD80B500AF02460120142300F044
:1013300074FC80BD80B500AF02460120162300F08A
:101340006CFC80BDD0B502AF04462623084611468A
:10135000224600F062FCD0BDD0B502AF0446802327
:1013600008461146224600F058FCD0BD80B500AFBB
:101370008268511801D30021C943816000F001F84F
:1013800080BDB0B502AF42688468E3089A4208D9CC
:101390000168651C85600720A043CC5CC440012126
:1013A0002140934201D30020B0BD0120B0BD80B5E3
:1013B00000AF002080BD80B500AF80BD80B500AF1C
:1013C000002080BD80B500AF002080BD80B500AF9B
:1013D000FF2080BD80B500AF80BDF0B503AF8BB0FE
:1013E000154604466E46304600F0F2FB3577002085
:1013F0000690059008A86946FFF7FFFE08980128A7
:1014000019D109987F28F5D80A9A3F2AF2D80723DC
:10141000134001219940382313401A0102436846C2
:10142000007F002803D0A05C0843A054E2E7A05C42
:101430008843A054DEE70BB0F0BD80B500AFF1F7F4
:10144000FBF9D0B502AF0C46994204D111462246B1
:1014500000F0C0FCD0BD2046194600F08AF980B5E6
:1014600000AF00F000F880B500AF00F0D3FBD4D49B
:10147000F0B503AF87B0C21C0324A243861A8B19B0
:101480000493009423400021059282420A4606916B
:1014900064D1002B049E10D04548304005990818AF
:1014A0000024224602E0401C5B1E06D00157402566
:1014B000ED43A942F7DD521CF5E7B5080698101870
:1014C0003E4C059E13E00020049D039AAD1A01993D
:1014D000069B5E18010A384B184019400818354918
:1014E0004843010C05980818029B002B45D1002D9C
:1014F0005CD00590C02D2A4600D3C0220495134627
:1015000000980340039292003F2000010192104096
:1015100006960293D7D03218002035466B68990999
:10152000DB43DB090B43234029688E09C943C90902
:101530003143214008181818A9688B09C943C90903
:10154000194321400818E9688B09C943C90919439F
:101550002140081810359542E0D1B5E700240694E3
:1015600002E0401C761C94D201574025ED43A9426D
:10157000F7DD0699491C0691F3E7FC210A4091002A
:10158000069A51189A00002608C99D09DB43DB0919
:101590002B4323409E19121FF6D1310A064A1640EA
:1015A00011408919034A4A43110C081807B0F0BDCD
:1015B000FCFFFF7F01000100FF00FF0001010101AE
:1015C00080B500AFFFF74BFFF0B503AF85B00290D9
:1015D000D51F00D20025002A00D193E0C81C0323A8
:1015E00001939843461A0023049604E0431C049E8A
:1015F000934200D386E0C856002817D4F01A80071B
:1016000002D05B1CF4E70833AB4206D2C858CC18B2
:101610006468044348480442F5D09342E8D2C8566F
:101620000028E5D45B1C9A42F9D16BE0C0B2434C70
:10163000245C0126042C03961BD0032C0AD0022C18
:1016400067D1581C90426AD20C564026F643B442E9
:10165000CCDD5DE05C1C0026944261D20C5DE0288C
:1016600016D0ED2864B21CD16020C043844226DD30
:101670004EE05C1C0026944252D20C5DF0280CD047
:10168000F42864B224D17020C043844227DD3FE0B7
:10169000E0200440A02C12D03AE0903C302C1ED325
:1016A00036E000940446E13C0C2C03D3FE24204099
:1016B000EE282DD13F20C043009C844228DA981C9C
:1016C00090422DD20C564026F643B4428EDD22E0E5
:1016D000F13802281CD83F20C043844218DA981CF5
:1016E00090421DD208564024E443A04213DCD81C8B
:1016F000904215D20C563F26F643B44200DA75E705
:10170000039E0DE0029841600146826000200FE0D8
:10171000039E019604E002200190039E00E0002653
:101720000198C0B20002301802994B60886003989B
:10173000086005B0F0BDC046808080808644010806
:1017400080B500AFFFF78FFE80B500AFFFF78BFECF
:1017500080B500AFFFF787FE80B500AF2B20FFF705
:10176000F3FF80B500AFFFF77EFE80B500AFFFF757
:101770007AFE80B500AFFFF776FE80B500AFFEE7DA
:1017800080B500AF80BDFEB506AF0E4604468D693C
:10179000002D02D0B068A84206D20020266060600A
:1017A000A060E0602061FEBD019030697169CB6886
:1017B0001146984702902660F0690090E56020612C
:1017C0000198294600F03AFF06460298314600F09B
:1017D00035FF0099414346430298801B684360608F
:1017E000A160FEBDFCB505AF1CC90968CB1AD917AD
:1017F0004B405E1AA21AD3175A40D21A0124214331
:101800002343964204DA002534460191294606E036
:101810000024009232461D4601942346009C560047
:101820006400036041608560019903460C3352C334
:101830008261FCBDF0B503AF97B06123CB5C109221
:10184000002A019005D0012043400B9308465C30EC
:1018500002E00B9308464C3012900C6D4B6D886D76
:101860000D900E6C486C1490886C0C9008690A906E
:101870008A69C8690F90086A0E90486A0990886A58
:101880000890C86A0090086B0790486B11911C3152
:101890000691039251421A460291059040420490EB
:1018A00010980028169220D00D9D04998D426CDC72
:1018B000159607994D191646069800F082F8089972
:1018C000761A0999631A11990B654E650D958D6508
:1018D0000F9A0E998919D218002800D1144616982B
:1018E00000D108462546139022E00C9D05998D42B3
:1018F0003EDD07996D1A069800F063F81499089A6E
:101900005318324609998E1911990E644B640C953F
:101910008D640E99591A13910F99751A002800D1E8
:10192000154601D114981390159614932346169ECC
:101930000B9800280BD0129C20680A99411A21604C
:10194000029A914232461C46159EA9DC2CE012995F
:1019500008680A9C001908600399884232461C46B0
:10196000159E9DDD11994969401A1299086020E081
:1019700000994819149D0E9949190F9A9219119BB3
:101980001A645964986434460AE00099681A0E99FA
:10199000511A15460F9AA21A119B1A655965986536
:1019A00012980068002307E0119B5B695918129B8D
:1019B000196001232C46139D019938C1086017B0A6
:1019C000F0BD80B500AF0168002902D0C068091AD7
:1019D00002E04168806809184842484180BDF0B57E
:1019E00003AF014602684068824206D0501C08607E
:1019F000107843B2002B03D4F0BD0020C043F0BDEB
:101A0000931C0B6055783F2425401F230340E0289A
:101A100011D3D61C0E6096782640AD01AD19F02882
:101A20000CD3101D0860D0782040A9010818590770
:101A3000C90A4018F0BD98014019F0BD18032818D4
:101A4000F0BDFCB505AF044688680191CB68002A5B
:101A500000902CD455005A190026F6439A4200D221
:101A60003246451900D33546E260A5605E1E204629
:101A70001C46B4411B1B5B0801994C681B19541E82
:101A80001646A641921B52089A1A044642600098D4
:101A9000421E03469341C01A400809684018691E57
:101AA0002A468A41A91A4908401A2060FCBD520002
:101AB00055425A1B0026AB4200D23246451BD2D3B8
:101AC000D2E7F0B503AF8FB005910268019041688D
:101AD0000C9250180D9000260E96F043099003903A
:101AE000069006A8014620310491054618350C30B1
:101AF00002902846FFF773FF002803D0411C17D03F
:101B000004460AE02846FFF76AFF0446401C0FD04F
:101B10002846FFF764FF411C0AD006AA16720790F8
:101B2000069405A8049900F015F8491CE1D00EE0D0
:101B30000C96039806900998401C06D005A80499B5
:101B4000029A00F007F8491C01D1019880680FB093
:101B5000F0BDD4D4FEB506AF029101900020C14380
:101B6000107A002804D1144612686568AA4201D987
:101B700003B0F0BD0091AA420FD20E48824201D0BC
:101B8000561C01E00720460326600198029900F0E8
:101B900013F84A1C3246EED0EAE701202072AA422E
:101BA00006D1019802992A4600F006F84A1CDFD1B6
:101BB0000099DDE7FFD70000D0B502AF0B46016802
:101BC0001868441C1C60914201D00021C943D0BD5B
:101BD000B0B502AFCC68002C16D08A68002A13D0AA
:101BE00028C903618560036009498C4200D30C4613
:101BF0002C1900D70C46C4608A4200D30A469A18B2
:101C000000D70A464260B0BD142100F094F8B0BD80
:101C1000FFFFFF7F80B500AFFEE780B500AF8142D8
:101C200005D3994203D81218091A104680BD1A46E6
:101C3000FFF786FDD0B502AF0C46994204D111469C
:101C4000224600F0C7F8D0BD20461946FFF791FDA7
:101C5000F0B503AF87B00692054644698669B01CAB
:101C60000222A0422FD8049305920191012109027A
:101C700003967118A14200D321462A690292234695
:101C8000FFF7CBFF049E8E4201D9059A1BE0024666
:101C90000B4600203146FFF7C0FF069A3346FFF798
:101CA000C9FFB31C03981918A142059A0BD8A0428A
:101CB0000CD2029A1354401CA04207D21346019A38
:101CC0001A54A961FF22104607B0F0BD2146FFF764
:101CD0003FFDF0B503AF85B00468002C24D002911D
:101CE00045694468AC4222D2F968BD68019505692E
:101CF0002E5D761C2E55012485692D1D8460C560DE
:101D0000002900D0396903ACA17101996171237177
:101D1000E2700021A17061700299217004210723F3
:101D20002246FFF795FF00E0072005B0F0BD2046F2
:101D30002946FFF70DFDB0B502AF042913D30C1FE0
:101D4000E2431207920F14D00025024620C2230757
:101D50009B0F23460FD045600C222240042A05D158
:101D60000839083005E002460B460FE085600C3963
:101D70000C300B4602460C2C08D30020106050603B
:101D80009060D0601032103B032BF7D8D0188242FD
:101D90001AD203241C40591E002C0BD000231370B0
:101DA000012C03D1521C032906D20DE05370022CE2
:101DB0000BD1921C032907D30021D170917051706F
:101DC0001170121D8242F8D1B0BD9370D21C03294C
:101DD000F2D2F9E780B500AF00F001F880BDF0B5B0
:101DE00003AF8DB0102A16D3164643420322049245
:101DF00013400693C518A8422CD2069A531E002AF7
:101E000002460C4618D00A780270069C012C08D1B4
:101E10004C1C421C10E003469E18B34200D2CAE09C
:101E2000EBE04A784270022C02D18C1C821C03E049
:101E30008A788270CC1CC21C032B0BD323781370BE
:101E400063785370A3789370E378D370241D121DC8
:101E5000AA42F3D1069C361B0396049A9643AB190B
:101E60000C19059414404BD00096029000220C925D
:101E70000CA80019264604240196A41BE60703D0EB
:101E8000059A127802700122A40702D5059CA45A73
:101E9000845201980646C2000C9C281D9842089264
:101EA00043D270420E1850420994182404400794FB
:101EB00002980699099DD5400696721809925668AF
:101EC0003246079CA2402A43425042181446083426
:101ED0009C422FD2089CE640099CA5680995079C66
:101EE000A54035435560083045182A1D069E083622
:101EF0009A42089ADED370180690019A099C1FE056
:101F00009D4250D2059A116802C59D424BD251683C
:101F100002C59D4247D2916802C59D4243D2D16815
:101F200002C510329D42EED33DE005983246801B3B
:101F3000069005E00998001D0690151D3446019A8B
:101F40000BA900260E700AA80670012A30463246F8
:101F5000019608D00698417900790BAA10700A0200
:101F6000022101910AA9099407900598C0070AD097
:101F70000698001D019E805D08700BA800780790F0
:101F80000AA8007806040898414206911821069C88
:101F900021403243079E32438A400999C140114390
:101FA00029600298009E039A04990A4005998919AC
:101FB0009E18B34221D203241440521E002C0ED08E
:101FC0000D781D70012C04D1491C5B1C032A08D21A
:101FD00013E04D785D70022C11D1891C9B1C032AE3
:101FE0000BD30A781A704A785A708A789A70CA782D
:101FF000DA70091D1B1DB342F3D10DB0F0BD8C7812
:102000009C70C91CDB1C032AEBD2F6E7F0B503AFCA
:1020100096B0431A93420B9061D209918E1885189D
:10202000102A00D247E20A9203202A460240514277
:102030000D9111462A46059085430E9295420695CC
:1020400028D24D1E00290E98034634460FD0431E59
:10205000741E22781A70012909D0831EB41E2278BA
:102060001A70022903D0C31EF41E22781A70032DA1
:10207000069D0FD3221FD478581E0470981E9478A2
:102080000470D81E547804701B1F10781870121F2B
:102090009D42F0D30A98421A039205988243AC1AE3
:1020A000524202920D9AB1180A4602400F940191D1
:1020B00038D0104614AB00241C7013AA14700D1AEB
:1020C000009001282246089557D02C7814AA147045
:1020D0006A78CE0713AB002E4ED1002654E0102AAA
:1020E0001AD34342032633400893C518A8420796E3
:1020F00000D3D7E00A920898421E00280B9E334670
:102100000C4600D1BEE008783070089B012B00D04F
:102110009EE04C1C731CB5E003469818834200D225
:1021200076E1F7E1AC420E9D00D3BCE10D98011FB2
:1021300072586A506A18944200D3B4E1141F73189D
:10214000181F006820600F98A04200D3ABE1104632
:1021500008381C46083C246804600F9C844200D365
:10216000A1E10C3A0C3B18681060103D0D9828183E
:10217000103E8442DCD396E102242C5D1C7014AB2B
:102180001C7813AB1B781E040099CD00100230435D
:10219000064626430F98021D069CA2420C9554D277
:1021A0000A98401A099908960E18684218210140A9
:1021B0000F910D98001F09900E9904920F98089D99
:1021C00085400998335818460C9AD0402843099AFC
:1021D000885010460E918918049A8A420C9D3ED26E
:1021E0000A9404460F98834007963619301F0468F6
:1021F0002046E84018430B1F18609A4235D20F98CA
:1022000084403046083803681846E84020430C46AE
:10221000083C2060A24200D320E10F9883400C3E8E
:1022200030680890E84018430C3908600E9910395E
:102230000D980818079E103E0A9C103C8242BDD3A0
:102240000D9972180A90089E10E10A94089A0DE1FF
:1022500048787070022B11D18C1CB31C12E0241F23
:102260000A940D988019021FFFE00A9808380A9016
:102270000D9807994218083A2646F7E08878B0701A
:10228000CC1CF31C032A0A9A079E0BD320781870E3
:1022900060785870A0789870E078D870241D1B1D65
:1022A000AB42F3D10898121A1446B4432B190E18F6
:1022B0000996079806404FD005940A920022129280
:1022C00012A8801904240696A41BE60703D0099AD5
:1022D000127802700122A407089E02D5099CA45A14
:1022E00084520698C40012982A1D9A420D9449D22D
:1022F000069A524289180F9162420E90182010409F
:102300000C900B9A0E9DE5400F99881931460E905E
:10231000466834460C9884402C4354505418204648
:102320000830984233D20D98C6400E9885680E95B5
:102330000C98854035436560083255182C1D0F9E5A
:1023400008360F969C420E460D9CDBD30F998919D7
:102350000C91069A0E9820E09D42064651D20998AB
:10236000016802C59D424CD2416802C59D4248D2D7
:10237000816802C59D4244D2C16802C510309D42A9
:10238000EED33EE00999069A891A0C9105E00E9861
:10239000001D0C90251D3046069A11AE00243470A5
:1023A00010A90C70012A22462146089408D00C9AE4
:1023B0005179127911AE327009020226089610AED8
:1023C0000E900F92099AD2070AD00C9A121D089CFF
:1023D000125D327011AA12780F9210AA12781404AA
:1023E0000D9A50420C9018260C98064021430F9CE1
:1023F0002143B1400E98D040084328600A9A079EB6
:10240000059C3240099801199818834200D381E055
:1024100003241440521E002C11D00D781D70012C85
:1024200002D1491C5B1C0AE04D785D70022C02D180
:10243000891C9B1C03E08C789C70C91CDB1C032A44
:1024400068D30A781A704A785A708A789A70CA786B
:10245000DA70091D1B1D8342F3D15BE00A980C382A
:102460000A900D98079942180C3A1E4600211591C2
:1024700015A8009C00191219121F04231B1BDD074D
:1024800002D01178017001219B070C9B0A9C01D599
:10249000525A42521598D840594218220A40964042
:1024A0000643201F06600598039A0240029901988E
:1024B000461806984518A81AA8422BD2032414409F
:1024C000511E0F91002C10D0691E731E1A780A70CD
:1024D000012C0CD0A91EB31E1A780A70022C06D04B
:1024E000E91EF31E1A780A7001E0334629460F9A56
:1024F000032A0FD31A1FD3784C1E23708B1E947897
:102500001C70CB1E54781C70091F13780B70121F9F
:102510008842F0D30B9816B0F0BD80B500AFFFF73E
:1025200075FD80BDF0B503AF81B0042A28D3131F19
:10253000DC432407A40F14D014460D4604C90646F4
:1025400004C01A07920F1A460BD029466A68304613
:1025500072600C221A40042A16D12246083A083129
:1025600008300C2B0CD30B6803604B6843608B68FE
:102570008360CB68C36010311030103A032AF2D860
:10258000FFF72DFC01B0F0BD8A68826022460C3A4C
:102590000C310C300C2BE6D2F2E7D4D4F0B503AFFB
:1025A000042915D3D3B2244C5C430E1FF3431B07FD
:1025B0009B0F13D0034610C33507AD0F35460FD020
:1025C00044600C233340042B05D10839083005E062
:1025D00003460D460EE084600C390C300D46034670
:1025E0000C2E07D31C605C609C60DC601033103DD7
:1025F000032DF7D85819834218D203242C40691EA2
:10260000002C0AD01A70012C03D15B1C032906D2BE
:102610000CE05A70022C0AD19B1C032906D3DA70F5
:102620009A705A701A701B1D8342F8D1F0BD9A70CF
:10263000DB1C0329F3D2F9E70101010180B500AFEA
:1026400000F001F880BDF0B503AF83B002468842C8
:1026500003D20020114603B0F0BD100C0026102359
:102660008142344630D90294144631D9230A0820D5
:10267000994232D9334600D80346019323090420F6
:1026800099422ED933462FD9A0080225814230D94C
:10269000304600D82846009364080125A1422C4604
:1026A00000D93446029E019B9E19009BF31818180E
:1026B00003199D400C469C40161B8E421DD232468B
:1026C0002846114603B0F0BD1C4602941446CDD8EE
:1026D0000446230A08209942CCD81C463346CBD95D
:1026E000CBE71C463346CFD80346A00802258142DB
:1026F000CED804463046CDD9CDE7002C03D42946A8
:102700002846324614E05B1E1F2200931A40012027
:1027100090406408321BD31701930290019B9843A9
:10272000002A00DA324628438A420299009B91D35C
:10273000491E002B0BD003261E400AD055002A1B31
:10274000521C00D41546012E06D15A1E13E0154620
:1027500013E015461A460EE06D002A1B521C00D4E9
:102760001546022E01D19A1E05E06D002A1B521C4F
:1027700000D41546DA1E042B0AD21F2213402A4623
:10278000DA4029400843114603B0F0BD121FF4D0CF
:102790006D002E1B761C0CD56D002E1B761C0DD5E6
:1027A0006D002E1B761C0ED56D002E1B761CEDD4F5
:1027B0000EE035466D002E1B761CF1D435466D00BB
:1027C0002E1B761CF0D435466D002E1B761CDDD4F6
:1027D0003546DBE7F0B503AF102933D3444203227B
:1027E00014400319984219D2651E002C0CD0002603
:1027F0000670012C01D1401C06E04670022C01D16C
:10280000801C01E08670C01C032D07D30025C57015
:10281000857045700570001D9842F8D1091B084667
:102820009043181883420CD2002410C3834208D26C
:1028300010C3834205D210C3834202D210C3834225
:10284000F3D31140421890421AD203230B40491E81
:10285000002B0BD000240470012B03D1401C032952
:1028600006D20DE04470022B0BD1801C032907D344
:102870000021C170817041700170001D9042F8D13B
:10288000F0BD8470C01C0329F2D2F9E7B0B502AFE5
:102890000C460546C01729464140081AE117224652
:1028A0004A40511AFFF7CFFE6C4000D54042B0BD00
:1028B000F0B503AF102933D3454203231D4044191B
:1028C000A04217D26E1E002D0BD00270012D01D137
:1028D000401C06E04270022D01D1801C01E0827094
:1028E000C01C032E06D3C270827042700270001D9D
:1028F000A042F8D1491B08469843201884420ED2C2
:10290000D6B2184D754320C4844208D220C48442F4
:1029100005D220C4844202D220C48442F3D3194099
:102920004318984218D203240C40491E002C0AD0A8
:102930000270012C03D1401C032906D20CE0427026
:10294000022C0AD1801C032906D3C2708270427007
:102950000270001D9842F8D1F0BD8270C01C03299E
:10296000F3D2F9E70101010100B581B06A4600F038
:1029700003F8009901B000BDD0B502AF1446FFF7CF
:1029800062FE002C00D02160D0BD80B500AFFEE714
:102990000D0A3D3D3D3D3D3D3D3D3D3D3D3D3D3DCA
:1029A0003D3D3D3D3D3D3D3D3D3D3D3D3D3D3D3D57
:1029B0003D3D3D3D3D3D3D3D3D3D0D0A20466C7953
:1029C000536B792046532D69365820434C49207665
:1029D000302E31352E310D0A20547970652027684C
:1029E000656C702720666F7220636F6D6D616E6419
:1029F000732C202773747265616D2720666F7220B7
:102A000074656C656D657472790D0A3D3D3D3D3DA3
:102A10003D3D3D3D3D3D3D3D3D3D3D3D3D3D3D3DE6
:102A20003D3D3D3D3D3D3D3D3D3D3D3D3D3D3D3DD6
:102A30003D3D3D0D0A6936783E207B226368223A8F
:102A40005B2C00005B53435D352D505443483132BD
:102A5000000000005B53415D4341503A434831342C
:102A60005452494D434831314372763A42494E44BB
:102A700044323530453A3F3F4E4F4E4550312F346A
:102A800050322F3448454C495B53445D3530487AC9
:102A9000206F6620526F6C6C74727565392D5054BE
:102AA0003130302543483133342E345644353030BC
:102AB0006D52583A3235487A43525346202D2D25CF
:102AC0004241543A524943484635303051554144C9
:102AD00050342F344D3F3A2068656C705B53425D33
:102AE00043483F3F4E6F6E6549444C45303030306F
:102AF0005D7D0D0A4348313031303046313530305C
:102B000050332F345074733A010200034D43553A49
:102B10002D2D2D2D737461747573414952504C41A4
:102B20004E452C2272737369223A30303030303087
:102B300030304D554C5420282A294C513A202D2D07
:102B40002D2574656C656D206F6E525353493A2D77
:102B50002D2552533A2D2D2D64424869205261741F
:102B6000653A4849474820284E296368616E6E657A
:102B70006C732C2272785F76223A4C494E4B3A2085
:102B80004F4B44697361626C65644A4F59535449B1
:102B9000434B4368616E6E656C3A534E523A2D2D2D
:102BA00064424869204578706F3A7B22766261748E
:102BB000223A4C6F20526174653A464C415045525E
:102BC0004F4E5057523A202D2D2D4C6F2045787086
:102BD0006F3A45444954204D495874656C656D738E
:102BE000747265616D74656C656D20737472656176
:102BF0006D74656C656D206F66667265626F6F746B
:102C0000556E6B6E6F776E20636F6D6D616E642EA7
:102C10002054797065202768656C70270D0A52650D
:102C2000626F6F74696E672E2E2E0D0A54656C6587
:102C30006D657472792073747265616D696E672059
:102C400064697361626C65640D0A5B5374726561DB
:102C50006D696E672074656C656D6574727920406E
:102C6000203130487A2E20507265737320616E795E
:102C7000206B657920746F2073746F702E5D0D0A60
:102C8000466C79536B792046532D6936582052751E
:102C90007374204669726D776172652076302E31CB
:102CA000352E310D0A50726F746F636F6C3A20418C
:102CB0004648445320324120284137313035205393
:102CC000504920616374697665290D0A50726F74EA
:102CD0006F636F6C3A2043525346202F2045787023
:102CE000726573734C52532028504435205541521D
:102CF0005420616374697665290D0A436F6D6D61B7
:102D00006E64733A0D0A202068656C7020202020C4
:102D100020202D2053686F772074686973206865C0
:102D20006C700D0A2020737461747573202020204C
:102D30002D204669726D776172652026206261746C
:102D40007465727920696E666F0D0A202063686170
:102D50006E6E656C7320202D2044756D7020524678
:102D6000206368616E6E656C2076616C756573209A
:102D7000284348312E2E43483134290D0A2020742F
:102D8000656C656D20202020202D2044756D7020FD
:102D900073696E676C652074656C656D65747279B6
:102DA000206672616D650D0A202073747265616D15
:102DB000202020202D20537461727420636F6E7464
:102DC000696E756F75732074656C656D6574727965
:102DD0002073747265616D696E672028616E792059
:102DE0006B657920746F2073746F70290D0A202031
:102DF0007265626F6F74202020202D205265626FF3
:102E00006F74207472616E736D69747465720D0AEB
:102E1000302C227478223A2C227278223A2C2265A5
:102E20007272223A303132333435363738394142D2
:102E3000434445464455414C2052415445202F209F
:102E40004558504F00000000000000000100000045
:102E5000000000000A0019006400F401E803D00734
:102E6000FA0032002C2263727366223A7B22636F6F
:102E70006E6E223A466C6173682075706461746589
:102E800064204F4B66616C73652C226C71223A2C66
:102E900022727373695F64626D223A2D2C22736E05
:102EA000725F6462223A2C22616E74223A2C227084
:102EB00077725F6D77223A2C2272665F7261746559
:102EC000223A22222C2272785F766261745F6D76DC
:102ED000223A2C2272785F6361705F6D6168223ADA
:102EE0007D2C226368223A5B0D0A6936783E200801
:102EF00020080D0A5B53747265616D2070617573F3
:102F000065645D0D0A6936783E20302E30305620DB
:102F100030250000000000000000000000000085D7
:102F20001421240811000000000200851472AA0870
:102F300020888800000200853EA14A08404508001C
:102F40000004008014708400404FBE03E00800803D
:102F50003E294A8040450800001000001472A90074
:102F60002088883002200080142246801100002032
:102F700007200000000000000000004002000000E8
:102F80000000000000000000000000000000000041
:102F900000000000000020873E13E33E71C00008DF
:102FA000041C5188823204028A22081002228A807C
:102FB0008452C8048A671C23E10488830C932B0481
:102FC00071A208400088888402F82C888820002399
:102FD000E10850882212289088420C10020023EF4A
:102FE0009C11C71071870808040800000000000049
:102FF00000021000000000000000000000000000BF
:103000000000000000000000000000000000708FC1
:103010001CF3EF9C89C3A282289C8944A24A0822FF
:103020008881248228A29A24A04A082088812883A3
:103030006CA2AA27204BCF20F8813082AAA2B3E449
:10304000A04A08268881288229A28224A24A08222E
:103050008889248228A2722F1CF3E81C89C622FAD0
:10306000289C00000000000000000000000000009C
:103070000000000000000000000000000000000050
:10308000000000000000F1CF1CFA28A28A2F9C81CA
:10309000C2008A28A22228A28A20908045008A287D
:1030A000A02228A2514110404880F22F1C22252A3C
:1030B000208210204000822A0222252A50841010EB
:1030C000400082A92222253688881008400081C845
:1030D0009C21C222888F9C09C000002000000000B3
:1030E00000000000003E00000000000000000000A2
:1030F0000000200000000000000000000000100898
:10310000000803008080A060000000080008048020
:1031100080002020000001CB1C69C41EB181A223C5
:103120004B1C002CA29A2F22C880A422ACA201E83A
:10313000A08BE4228880B822A8A2022CA29A041EA6
:103140008880A422A8A201EB1C69C40289C4A272CF
:10315000289C000000000022000480000000000005
:103160000000001C00030000000000000000000040
:1031700000000000000000000040000000000621E8
:10318000849C000000400000000008204AA2B1AB6F
:103190001CF228A28A2F84208904CA6CA04228A28B
:1031A0005221182060088A281C42252A2262042005
:1031B0008008CA68024A652A51A408204000B1A8C4
:1031C0003C31A214882F8621800880200000000056
:1031D00002200000000080200000000001C000006C
:1031E000000000207F000000E23101080300000021
:1031F0001F000000000000000C00000004000000A0
:10320000C31A0108122F0108D0020000600000005C
:103210003C000000E8310108F4310108060000001C
:103220000A00000000000000070000000500000088
:1032300001000000090000000100000004AA484449
:1032400028A4000204AFE2A444440002040AC440DB
:1032500044EE0E04000F28A044440008040AE25083
:1032600044A440480000400028008000444EAE6E58
:103270006400208CACA2A882AA444E42E424ECC490
:1032800046008024A44222A8A2004E404EEC2C48C6
:10329000CC442084000000000008000064C4CEE696
:1032A000AE2A8A24AAAAA888A42A8EAAAEC8ACCA22
:1032B000E42C8EEA8AAAA88AA4AA8AAA6AC4CE861C
:1032C000AE4AEA840000000000000000C4C6EAAA7A
:1032D000AAE68C40AAA84AAAAA2484A0CAC44AAED4
:1032E000444444008AA24AEEA484240084AC4E4A9A
:1032F000A4E62C00020000000000000E4080202008
:103300008428C00026C66446C00A4AC40AA8AAEA9D
:10331000AC2C4EAA0AA8AC46A42A4AAA06C6664203
:10332000AE2AEAA40000000C00C00000000040002B
:103330000002485CC6A6EAAAAAE444A2AACC4AAA09
:103340004A2C4604CA824AAE46444400868C264A29
:10335000A2E44404820000000C0208003C32010890
:10336000200100004000000024000000E8310108B6
:10337000F431010804000000060000000000000015
:10338000040000000300000001000000060000002F
:1033900001000000DC05DC05E803DC05E803E803C8
:1033A000DC05DC05E803E803DC05DC05DC05DC0501
:1033B000534146455459205741524E494E47215496
:1033C00048524F54544C45204E4F542041542049AC
:1033D000444C4521535749544348205741524E4984
:1033E0004E473A434845434B205357495443484579
:1033F000534C6F776572205468722F536166652055
:10340000535720205B4553435D536B69704D3031FA
:103410004E4F20524652463A4F4B523A2D2D25528E
:103420003A313030553A53494D414554520000002D
:10343000413A5520423A5520433A5520443A555393
:1034400057563A302F30486F6C64204F4B3A4D65D9
:103450006E755B4553435D2046696E697368204213
:10346000696E6431342D4348204D4F4E49544F52BC
:103470003F3F3A4D4F44454C474C494445525278A2
:1034800049443A4C494E454152534D4F4F5448548C
:103490004372763A414648445332413A20444953B4
:1034A000434F4E4E4543544544435253463A2044BD
:1034B0004953434F4E4E454354454452583A0000F9
:1034C000525353493A202020254D4F44454C204427
:1034D000415348424F415244525353493A202D2DB3
:1034E000254C494E4B3A204449534320202020305C
:1034F00054583A6D5253533A54454C454D455452E5
:10350000592053454E534F52534C513A20202025B9
:103510004C513A313030254C513A2D2D2D2500009B
:1035200052533A202D303030644252533A202D2DE0
:103530002D644200534E523A2B30306442534E5267
:103540003A202D2D6442414E543A202D414E543A9A
:103550002031414E543A20325057523A20202020F8
:103560006D575057523A2D2D2D6D572D2D2D5241FF
:1035700054453A43525346204C494E4B204449410E
:1035800047312E204D6F64656C2053656C65637404
:10359000322E204D6F64656C205365747570332E28
:1035A000204475616C20526174652F4578706F34CA
:1035B0002E20546872204375727665352E20576927
:1035C0006E672F4D69786572362E204175782043DD
:1035D00068616E6E656C73372E2043682052657685
:1035E00065727365382E20526164696F205365746B
:1035F0007570392E2050726F746F636F6C20536535
:1036000074757031302E204368616E6E656C204D8C
:103610006F6E69746F7231312E2043616C69627212
:103620006174696F6E31322E20416E616C6F67205C
:103630004469616731332E2053797374656D204975
:103640006E666F53455454494E4753204D454E5571
:103650005B4F4B5D2053656C6563742020205B4598
:1036600053435D204578697453454C454354204D80
:103670004F44454C2028312D3230294D3F3F3A2DC3
:103680002D2D5B4F4B5D204C6F616420202020204E
:103690005B4553435D204261636B4D4F44454C2075
:1036A00053455455504E616D653A2D2D2D2D2D2DC0
:1036B0002D2D2D2D3F48454C49434F505445524DDB
:1036C000554C5449202F2051554144547970653A46
:1036D0004F4E53415E53417653425E53422D534207
:1036E0007653435E53432D53437653445E5344769F
:1036F000D036010802000000D236010803000000A5
:10370000D536010803000000D83601080300000088
:10371000DB36010803000000DE360108030000006C
:10372000E136010803000000E43601080300000050
:10373000E736010803000000EA3601080300000034
:10374000ED3601080300000041726D2053773A52B4
:10375000783A5B4F4B2042696E645D5265736574C5
:103760003A205B4F4B2044656661756C74735D5BFA
:103770004F4B5D2053656C656374202020205B45B2
:1037800053435D204261636B5B4F4B5D204E657818
:10379000742043686172205B4553435D20446F6E23
:1037A000655341534253435344000000E42A010847
:1037B00004000000A137010802000000A33701083F
:1037C00002000000A537010802000000A737010829
:1037D000020000005377697463683A506974636843
:1037E00059617700942A010804000000DB370108C2
:1037F00005000000E0370108030000005B4F4B5D4F
:1038000020456469742020205B4553435D20457842
:1038100069745B4F4B5D20446F6E652020205B55C3
:10382000502F444E5D2056616C75655448524F547C
:10383000544C452043555256455074733A20312E0E
:103840002E395074733A20312E2E3550313A2020C3
:103850003025503F3A2D2D2D255B4F4B5D20546F69
:1038600067676C65202020205B4553435D204261E3
:10387000636B5B4F4B5D204564697420507420205E
:10388000205B4553435D204261636B5B4F4B5D2082
:103890004E6578742050742020205B4553435D2092
:1038A000446F6E6557494E472026204D4958455272
:1038B00057696E673A4E4F524D414C454C45564FF5
:1038C0004E2F44454C5441562D5441494C00000064
:1038D000B538010806000000BB3801080C000000E4
:1038E000C738010806000000BA2B010808000000D4
:1038F0005B44495341424C45445D3C2D54687256EB
:1039000052415652424D4158434831434832434850
:1039100033434834434835434836434837434838AF
:1039200043483900E42A010804000000942A0108F1
:1039300004000000DB37010805000000FC38010826
:1039400003000000E037010803000000FF38010811
:10395000030000000239010803000000A13701083C
:1039600002000000A337010802000000A53701088B
:1039700002000000A7370108020000000539010815
:103980000300000008390108030000000B3901089A
:10399000030000000E39010803000000113901087E
:1039A0000300000014390108030000001739010862
:1039B000030000001A390108030000001D39010846
:1039C000030000002039010803000000F42A010868
:1039D00004000000642A0108040000004C2A0108C9
:1039E00004000000A42A0108040000005C2A010869
:1039F000040000005B4F4B5D2053656C6563742FC2
:103A0000456469742020205B4553435D2042616317
:103A10006B00000045444954204D49582030546102
:103A2000726765743A536F757263653A5765696773
:103A300068743A4F66667365743A4D6F64653A41CF
:103A4000444420282B295245504C20283A3D290037
:103A50003F3A010807000000322B0108080000006F
:103A6000463A0108090000005B4F4B5D2045646940
:103A7000742020205B4553435D204261636B4155B8
:103A800058204348414E4E454C5343483F3F3A200F
:103A90005B4F4B5D20446F6E652020205B55502F9F
:103AA000444E5D20536F757263654348414E4E45E9
:103AB0004C205245564552534543483120284149F0
:103AC0004C294348322028454C4529434833202877
:103AD00054485229434834202852554429434835F4
:103AE0002028534129204348362028534229204387
:103AF0004837202856523129434838202856523218
:103B0000294348392028534329204348313028533A
:103B1000442920434831312020202020434831329D
:103B200020202020204348313320202020204348DB
:103B3000313420202020204E4F524D414C20524500
:103B400056455253455B4F4B5D20546F67676C651C
:103B50002020205B4553435D204261636B5241440A
:103B6000494F2053455455504F464620284C6F63CB
:103B70006B29546872205472696D3A4D555445440E
:103B8000454E41424C45444265657065723A534921
:103B90004D504C45546F6E65733A31352053454353
:103BA000333020534543363020534543414C574131
:103BB0005953204F4E424C2054696D65723A424C25
:103BC000204C6576656C3A3337436F6E747261735F
:103BD000743A426174205761726E3A5345524941BA
:103BE0004C434F4D504F534954454F464655534211
:103BF000204D6F64653A4C4F57202850295043316F
:103C000033205077723A5B4F4B5D20546F67676C7F
:103C1000652F4379636C652020205B4553435D200D
:103C20004261636B50524F544F434F4C20534554A5
:103C3000555050726F746F3A2041464844532032B9
:103C4000414D3F3F3A2052782049443A205B4F4B48
:103C50005D2042696E6420205B55502F444E5D20EC
:103C600050726F746F50726F746F3A2043525346A4
:103C70002F454C5253203E50726F746F3A2043527E
:103C800053462F454C5253426175643A20343230CA
:103C90006B2028454C525329426175643A203431D7
:103CA000362E366B202854425329426175643A20DF
:103CB0003131352E326B20284C6F77294261756483
:103CC0003A203932312E366B202846617374292010
:103CD000426175643A203432306B5B436F6E6669C3
:103CE00067757265204D6F64756C655D205B436F11
:103CF0006E666967757265204D6F64756C655D5B96
:103D00004F4B5D204E6578742020205B55502F442A
:103D10004E5D204368616E67655B4F4B5D20436F6E
:103D20006E6669672020205B55502F444E5D2053FE
:103D3000656C656374454C525320434F4E4649476A
:103D4000436F6E6E656374696E6720746F206D6F6C
:103D500064756C652E2E2E57616974696E672066D6
:103D60006F722070696E6720726573706F6E736515
:103D70005B4F4B5D2052657472792020205B455368
:103D8000435D204261636B4C6F6164696E672070B4
:103D90006172616D65746572732E2E2E5061726151
:103DA0006D204C6F6164696E672E2E2E506C6561BC
:103DB000736520776169742E2E2E20205B45534356
:103DC0005D204261636B4E6F20706172616D65743E
:103DD00065727320666F756E64454C52532053456F
:103DE000545550506172616D5B436D645D5B4F4B28
:103DF0005D204379636C652F52756E20205B4553BF
:103E0000435D204261636B4348414E4E454C532015
:103E100028312D37294348414E4E454C53202838F0
:103E20002D313429313A524F4C323A504954333AB9
:103E3000544852343A594157353A537741363A53F8
:103E40007742373A565231383A565232393A53431A
:103E50002031303A534431313A434831323A4348C1
:103E600031333A434831343A43485B55502F444E3E
:103E70005D205061676520205B4553435D204261B2
:103E8000636B414E414C4F472028312D3629414E1E
:103E9000414C4F472028372D31312952483A41496A
:103EA0004C52563A454C454C563A5448524C483A76
:103EB00052554453573A53412053573A53422000E6
:103EC0009B3E010806000000A13E0108060000001C
:103ED000A73E010806000000AD3E010806000000F4
:103EE000B33E010806000000B93E010806000000CC
:103EF000504F543A5631504F543A563253573A5322
:103F0000432053573A534420564241542020000046
:103F1000F03E010806000000F63E01080600000021
:103F2000FC3E010806000000023F010806000000F8
:103F3000083F01080600000053595354454D2049DD
:103F40004E464F524D4154494F4E4669726D77610E
:103F500072653A2076302E31352E31466C617368A9
:103F60003A203132384B4220283634502950726F73
:103F700066696C65733A203230204D6F64656C73EE
:103F80005B4553435D204261636B43414C49425260
:103F90004154494F4E2028312F3229312E2043657C
:103FA0006E74657220616C6C20737469636B73202E
:103FB00020202620726F7461727920706F74732EC6
:103FC000322E204D6F76652054485220746F206D3C
:103FD0006964646C65215B4F4B5D204E657874208D
:103FE000205B4553435D204578697452656C65617B
:103FF0007365205B4F4B5D206B65792E2E2E434100
:104000004C4942524154494F4E2028322F322956B2
:1040100031202D2D5631204F4B5632202D2D56322A
:10402000204F4B5374697220737469636B7320263D
:1040300020706F74735B4F4B5D2053617665202059
:104040005B4553435D20457869742D2D4F4B4341AB
:104050004C4942524154494F4E2053415645442108
:104060004C0428000F0084033C00000008072D00CA
:104070000A00280A4B00000060091E000A00B80B65
:1040800032000000D0073C001E00FC083C001E006F
:10409000280A5A00000016046E00190026056E005A
:1040A0001900200678001E002D08F00000006C07A3
:1040B00032001400A40646000000280A2D000A0061
:1040C00008074B000000280A46001900280A46008D
:1040D0001900540B5A000000400646001E00D0078D
:1040E00064000000D00732000F00C4095000000037
:1040F000280A28001400080728001400280A2800AD
:10410000140008073C000000D00728000F00C40975
:1041100028000F001C0C64000000000000000000DC
:10412000B000000004000000290E0108CD130108B2
:10413000AF130108D5130108D5130108590D010863
:10414000BB0C0108B7130108B7130108B713010826
:10415000BD130108C513010800000000E0020000C3
:1041600004000000790B0108CD1301086B0A010857
:10417000910C0108D51301089B0A0108150A0108D2
:10418000B7130108B7130108650B0108BD13010837
:10419000C5130108466C79536B7905010904A10127
:1041A000A1000509190129101500250195107501B7
:1041B0008102050109300931093209330934093511
:1041C0000937093616000026FF0775109508810289
:1041D000C0C046532D693658204A6F79737469639D
:1041E0006B46532D4936582D53494D46532D69364C
:1041F000582053657269616C46532D4936582D56C7
:10420000435046532D69365820526164696F4653B6
:104210002D4936582D434F4D5053544D333246306F
:10422000373256422B30253025FFE2002500FFFFB4
:104230000000000019010500509E4B0002162B12D1
:104240004F6280FFFF2A32C31E1EFF00FF00003BAB
:10425000001747800301451800010F34487A3130B8
:1042600030487A313530487A323030487A32353019
:10427000487A333333487A353030487A46313030F3
:104280003000D57FAAFE2B815429FC5683D702A883
:104290007D52872DF8AC79D3067BAE04D18550FAD8
:1042A0002FA471DB0E5A8F25F08D58F22773A60CC0
:1042B000D9F623895C08DD77A2DF0AA07521F45EB8
:1042C0008B9D48E23763B61CC9B461CB1E4A9F354B
:1042D000E0CF1AB06531E44E9BE633994C18CD67B8
:1042E000B239EC4693C712B86D10C56FBAEE3B9168
:1042F000446BBE14C19540EA3F42973DE8BC69C398
:1043000016EF3A904511C46EBBC613B96C38ED4731
:1043100092BD68C21743963CE99441EB3E6ABF15D3
:10432000C04B9E34E1B560CA1F62B71DC89C49E30B
:104330003619CC66B3E732984D30E54F9ACE1BB1B3
:104340006472A70DD88C59F3265B8E24F1A570DA20
:104350000F20F55F8ADE0BA17409DC76A3F72288B3
:104360005DD603A97C28FD5782FF2A805501D47EA3
:10437000AB8451FB2E7AAF05D0AD78D20753862C93
:10438000F90010010200020202020202020202020D
:10439000020000000000000000000000000000001B
:1043A0000000000000000000000000000000020209
:1043B00000000000000200000000000000000000FB
:1043C00000000000000000000000000000000000ED
:1043D00000000000000000000000000000000000DD
:1043E00000000000000200000000000000000000CB
:1043F00000000000000000000000000000000000BD
:1044000000000000000000000000000100000000AB
:10441000000000000000000000000000000000009C
:10442000000000000000010000000000000000008B
:10443000000000000000000000000000000000007C
:10444000000000000000000000000000000000006C
:10445000000000000000000000000000000000005C
:10446000000000000000000000000000000000004C
:10447000000000000000000000000000000000003C
:104480000000000000000101010101010101010122
:10449000010101010101010101010101010101010C
:1044A00001010101010101010101010101010101FC
:1044B00001010101010101010101010101010101EC
:1044C00001010101010101010101010101010101DC
:1044D00001010101010101010101010101010101CC
:1044E00001010101010101010101010101010101BC
:1044F00001010101010101010101010101010101AC
:1045000001010101010100000000000000000000A5
:10451000000000000000000000000000000000009B
:10452000000000000000000000000000000000008B
:10453000000000000000000000000000000000007B
:10454000000000000000000002020202020202025B
:10455000020202020202020202020202020202023B
:104560000202020202020303030303030303030321
:104570000303030303030404040404000000000015
:10458000000000000000000000000000983A000059
:104590003075000060EA00001A2B01087834010829
:1045A000842A010808000000060000000A0000003C
:1045B0001A2B010878340108B53601089A3B010826
:1045C000A03B0108A63B01088A2B0108DB3B010840
:1045D000E13B01080800000006000000090000009F
:1045E000983C0108AA3C0108BC3C010812000000EC
:1045F000120000001300000073000000A101000081
:10460000340000000300000004000000040000006B
:104610000500000004000000050000000500000087
:104620000500000005000000050000000400000077
:104630000400000004000000050000005B420108C7
:10464000B42A01088C2A01085E420108F82A0108F0
:1046500063420108684201086D4201087242010884
:1046600077420108702A0108AC2A0108C82A01080B
:044670007C4201087F
:104674000000000000000000000000000000000036
:104684000000000000000000000000000000000026
:104694000000000000000000000000000000000016
:1046A4000000000000000000000000000000000006
:1046B400000000000000000000020000FFFFFFFFF8
:1046C40000000000000000000000000000000000E6
:1046D40000000000000000000000000000000000D6
:1046E40000000000000000000000000000000000C6
:1046F40000000000000000000000000000000000B6
:1047040000000000000000000000000000000000A5
:104714000000000000000000000000000000000095
:104724000000000000000000000000000000000085
:104734000000000000000000000000000000000075
:104744000000000000000000000000000000000065
:104754000000000000000000000000000000000055
:104764000000000000000000000000000000000045
:104774000000000000000000000000000000000035
:104784000000000000000000000000000000000025
:104794000000000000000000000000000000000015
:1047A4000000000000000000000000000000000005
:1047B40000000000000000000000000000000000F5
:1047C40000000000000000000000000000000000E5
:1047D40000000000000000000000000000000000D5
:1047E40000000000000000000000000000000000C5
:1047F40000000000000000000000000000000000B5
:1048040000000000000000000000000000000000A4
:104814000000000000000000000000000000000094
:104824000000000000000000000000000000000084
:104834000000000000000000000000000000000074
:104844000000000000000000000000000000000064
:104854000000000000000000000000000000000054
:104864000000000000000000000000000000000044
:104874000000000000000000000000000000000034
:104884000000000000000000000000000000000024
:104894000000000000000000000000000000000014
:1048A4000000000000000000000000000000000004
:1048B40000000000000000000000000000000000F4
:1048C40000000000000000000000000000000000E4
:1048D40000000000000000000000000000000000D4
:1048E40000000000000000000000000000000000C4
:1048F40000000000000000000000000000000000B4
:1049040000000000000000000000000000000000A3
:104914000000000000000000000000000000000093
:104924000000000000000000000000000000000083
:104934000000000000000000000000000000000073
:104944000000000000000000000000000000000063
:104954000000000000000000000000000000000053
:104964000000000000000000000000000000000043
:104974000000000000000000000000000000000033
:104984000000000000000000000000000000000023
:10499400000000000000000000000000FFFF000015
:1049A4000000000000000000000000000000000003
:1049B40000000000000000000000000000000000F3
:1049C40000000000000000000000000000000000E3
:1049D40000000000000000000000000000000000D3
:1049E40000000000000000000000000000000000C3
:1049F40000000000000000000000000000000000B3
:104A040000000000000000000000000000000000A2
:104A14000000000000000000000000000000000092
:104A24000000000000000000000000000000000082
:104A34000000000000000000000000000000000072
:104A44000000000000000000000000000000000062
:104A54000000000000000000000000000000000052
:104A64000000000000000000000000000000000042
:104A74000000000000000000000000000000000032
:104A84000000000000000000000000000000000022
:104A94000000000000000000000000000000000012
:104AA4000000000000000000000000000000000002
:104AB40000000000000000000000000000000000F2
:104AC40000000000000000000000000000000000E2
:104AD40000000000000000000000000000000000D2
:104AE40000000000000000000000000000000000C2
:104AF40000000000000000000000000000000000B2
:104B040000000000000000000000000000000000A1
:104B14000000000000000000000000000000000091
:104B24000000000000000000000000000000000081
:104B34000000000000000000000000000000000071
:104B44000000000000000000000000000000000061
:104B54000000000000000000000000000000000051
:104B64000000000000000000000000000000000041
:104B74000000000000000000000000000000000031
:104B84000000000000000000000000000000000021
:104B94000000000000000000000000000000000011
:104BA4000000000000000000000000000000000001
:104BB40000000000000000000000000000000000F1
:104BC40000000000000000000000000000000000E1
:104BD40000000000000000000000000000000000D1
:104BE40000000000000000000000000000000000C1
:104BF40000000000000000000000000000000000B1
:104C040000000000000000000000000000000000A0
:104C14000000000000000000000000000000000090
:104C24000000000000000000000000000000000080
:104C3400020000000000000000000000000000006E
:104C44000000000000000000000000000000000060
:104C54000000000000000000000000000000000050
:104C64000000000000000000000000000000000040
:104C74000000000000000000000000000000000030
:104C84000000000000000000000000000000000020
:104C94000000000000000000000000000000000010
:104CA4000000000000000000000000000000000000
:104CB40000000000000000000000000000000000F0
:104CC40000000000000000000000000000000000E0
:104CD40000000000000000000000000000000000D0
:104CE400FF010000000000007A010008860E0100A8
:104CF40000000000D40100082C0E01000000000098
:104D0400D40100082C0E000000000000620000081E
:104D14009E0F000000000000620000089E0F0000CB
:104D2400000000007A010008860E00000008000858
:104D3400000800080008000800080008000800082F
:104D44000008DC05DC05DC05DC05DC05DC05DC0530
:104D5400DC05DC05DC05DC05DC05DC05DC05000028
:04000005080000C12E
:00000001FF
